-0.49168,0.33747,-0.183,-0.41708,-0.078856,0.15119,0.3238,-0.78763,-0.56106,0.60018,0.66677
-0.92053,-1.0743,-1.098,0.13366,1.0352,0.15119,-0.68807,1.198,0.65935,-1.0966,-0.6443
-1.4385,-0.28338,-1.098,-0.16539,-0.14612,0.90711,0.3238,2.0253,1.8357,-1.0966,-0.6443
-0.42484,0.92431,0.122,0.58168,-1.2419,-0.60474,-0.68807,-1.284,-1.3584,0.44605,0.66677
3.2678,2.8634,3.477,1.256,-1.0523,-1.3607,-0.68807,0.53612,-0.33056,-1.3938,-1.5808
2.5159,6.0783,4.392,0.29401,-0.184,-0.60474,-0.68807,-1.1186,-1.0879,0.44605,0.66677
4.0363,6.512,5.612,0.27979,-0.44789,-0.60474,-0.68807,-1.284,-1.3584,0.58914,-0.457
-0.11295,4.5814,1.952,-0.74626,-1.3507,0.15119,1.3357,1.8599,1.5627,-1.3938,-1.5808
-0.77573,-0.60657,-0.79299,0.48333,-0.60835,-0.60474,0.3238,0.86705,0.1719,-1.2321,-0.6443
2.9447,6.1123,4.697,2.4889,0.46122,-1.3607,-1.6999,-1.9459,-2.4125,0.58359,-0.457
1.5802,2.6848,2.257,0.94993,0.79566,0.90711,-0.68807,1.6944,1.4127,-1.1461,0.29218
19.887,38.108,30.317,1.8848,1.4522,-1.3607,-1.6999,0.37065,-0.53429,-1.1729,0.29218
1.4688,0.099337,1.037,-0.24126,0.54798,0.15119,0.3238,-0.45669,-0.034115,0.75459,0.66677
1.9199,2.166,2.257,0.38461,-1.0711,0.15119,0.3238,-0.78763,-0.56106,0.89467,-0.457
-0.24105,-0.73414,-0.488,1.1477,-0.98861,-1.3607,-0.68807,0.70159,-0.0947,-1.3938,-1.5808
-1.0876,-0.81919,-1.098,-0.16116,1.8501,0.15119,-0.68807,-1.284,-1.3208,0.44605,0.66677
-0.046116,-1.7207,-0.79299,2.2034,-1.0259,-2.1166,-1.6999,0.039712,-1.0418,-1.3938,-1.5808
1.2683,1.0944,1.342,1.9799,0.52718,-1.3607,-1.6999,0.53612,-0.31297,-1.2321,-0.6443
-1.6334,-2.0524,-2.013,0.84875,-2.0612,-1.3607,-0.68807,0.86705,0.13775,-1.3938,-1.5808
-0.11852,0.45654,0.122,-1.9557,0.80734,2.419,2.3475,0.70159,1.8357,1.1271,1.7905
0.77261,0.47355,0.73199,-0.29864,0.73819,0.15119,0.3238,-0.29122,0.2315,0.90438,0.66677
0.10983,0.79674,0.427,2.1237,-1.6372,-2.1166,-1.6999,-0.12576,-1.274,-1.3442,-1.5808
-0.19649,-0.11329,-0.183,0.25531,0.69329,-0.60474,-0.68807,-1.1186,-1.0879,0.62211,1.7905
2.1371,-0.23235,1.342,-1.284,0.065414,0.90711,1.3357,-0.29122,0.2315,0.74943,0.66677
18.278,68.121,42.517,0.68274,1.9593,0.15119,-0.68807,-0.78763,-0.54321,0.90922,0.66677
1.4632,3.5523,2.562,0.23727,-0.44789,0.15119,0.3238,-0.62216,-0.28662,0.90438,0.66677
0.49413,0.8988,0.73199,-0.48333,1.8501,0.90711,0.3238,0.039712,0.78314,1.064,0.66677
-0.26333,-0.011226,-0.183,0.99805,-0.1196,-0.60474,-0.68807,1.0325,0.4006,-1.2654,-0.6443
26.209,57.388,43.127,2.6962,-0.53839,-2.1166,-1.6999,-0.12576,-1.274,-1.3442,-1.5808
-0.42484,-1.1424,-0.79299,-0.93055,-0.77618,0.90711,1.3357,0.039712,0.75022,0.89953,-0.457
1.3017,1.0434,1.342,0.34544,0.24325,-0.60474,-0.68807,-1.1186,-1.0879,0.75973,0.66677
0.093123,1.5112,0.73199,0.36537,-1.86,-0.60474,0.3238,1.5289,1.0847,-1.4586,-1.5808
-0.55851,-1.6272,-1.098,-1.4015,0.64873,0.90711,-0.68807,-0.45669,0.017635,0.45197,0.66677
-1.6,-1.4145,-1.708,-0.80457,-1.3233,0.15119,1.3357,-0.12576,0.47614,0.8898,-0.457
1.0399,1.4431,1.342,-0.80457,-1.3233,0.15119,1.3357,-0.12576,0.47614,0.8898,-0.457
0.52198,0.85627,0.73199,1.1293,0.15212,-1.3607,-1.6999,-1.7804,-2.1415,0.29866,0.66677
0.054136,-1.1849,-0.488,0.8186,-0.46947,-0.60474,-0.68807,1.198,0.62619,-1.3442,-1.5808
0.3716,0.39701,0.427,-0.72928,-0.5498,0.90711,1.3357,-0.12576,0.49288,1.0686,0.66677
6.8712,11.139,9.5769,1.5436,-1.1994,-1.3607,-0.68807,0.37065,-0.56999,-1.3938,-1.5808
1.5412,1.3666,1.647,1.5099,-1.6704,-1.3607,-0.68807,0.70159,-0.0947,-1.4586,-1.5808
-0.61978,-0.15581,-0.488,-1.1613,0.10046,0.90711,1.3357,0.20518,1.0199,0.90922,0.66677
-0.30788,0.74571,0.122,-0.026665,-0.34896,0.15119,0.3238,1.5289,1.1008,-1.2321,-0.6443
1.4354,4.2838,2.867,0.95525,-0.37323,-0.60474,-0.68807,0.86705,0.15483,-1.2321,-0.6443
8.8651,6.7161,8.9669,1.982,-2.3236,-2.1166,-1.6999,0.039712,-1.0418,-1.3938,-1.5808
-1.0264,-0.91275,-1.098,0.85511,2.5825,1.663,-0.68807,-0.62216,-0.1991,1.2447,0.66677
5.5234,9.0635,7.7469,0.50164,-2.1161,-0.60474,0.3238,1.198,0.60958,-1.3938,-1.5808
5.2839,2.5402,4.697,2.2034,-1.0259,-2.1166,-1.6999,0.039712,-1.0418,-1.3938,-1.5808
-0.66433,-0.77667,-0.79299,-1.3293,0.64873,0.90711,0.3238,-0.45669,0.00040371,0.60018,0.66677
0.14325,0.056813,0.122,-1.438,-0.9851,0.90711,1.3357,0.039712,0.75022,0.74426,-0.457
0.18224,1.3751,0.73199,-1.0307,1.8747,0.90711,-0.68807,-0.78763,-0.50756,0.45197,0.66677
-0.32698,-0.49265,-0.54128,-0.36501,-0.57569,-0.1062,0.48206,0.011277,0.29083,0.58875,-0.24895
1.8047,2.939,3.1078,0.88371,0.05509,-0.99124,-0.18747,-0.76401,-1.5061,-0.016059,-0.5138
-0.51666,-0.76032,-0.84537,-0.87239,-1.4657,0.77883,0.81682,0.2932,0.75484,0.7656,-0.24895
1.0753,1.5458,1.7394,1.2392,-1.2187,-1.8763,-0.18747,-0.88148,-1.7025,-0.18535,-0.5138
0.27594,-0.57501,-0.085145,1.7303,0.10831,-0.1062,-0.18747,-0.52908,-1.1093,0.29877,-0.5138
6.9939,2.2801,7.061,1.9435,-0.165,-0.99124,-4.5394,-2.4086,-2.8983,0.13603,-0.24895
0.11562,0.50253,0.37099,1.0934,-1.8524,-1.8763,-4.5394,-2.2911,-2.7114,-0.032973,-0.24895
4.7087,1.8615,4.9324,2.2715,-1.8524,-2.7613,-0.18747,-1.2339,-2.2677,-0.19144,-0.5138
-0.87119,0.61235,-0.38924,-1.525,-1.1427,0.77883,-4.5394,-1.8212,-0.93127,0.58875,0.14831
2.7531,4.8333,4.9324,0.54583,-0.4161,-0.1062,0.1473,-0.059204,-0.38622,0.15176,0.81042
0.51756,-0.1083,0.37099,1.9213,-0.82879,-1.8763,-0.18747,-0.88148,-1.7025,-0.027321,-0.5138
0.084003,-0.0053534,0.0669,-0.3438,-0.17672,-0.1062,0.1473,-0.41161,-0.39549,0.24151,-0.24895
-0.67021,0.58489,-0.23719,-0.25343,-0.010148,-0.1062,-4.5394,-1.7038,-1.6548,-0.0048539,1.3401
-0.13504,-1.0623,-0.69333,-0.88152,0.94872,1.6639,0.48206,0.57512,1.2465,0.79149,1.3401
-0.19149,3.4709,1.7394,0.3628,-0.59635,-0.99124,0.1473,1.4209,0.82606,-1.9446,-1.838
0.086261,-0.0087851,0.0669,-0.64893,1.3018,0.77883,0.1473,-0.41161,-0.36461,0.26032,1.3401
-0.36537,-1.2682,-0.99742,-0.71743,0.4625,0.77883,0.48206,0.2932,0.76911,0.61077,1.3401
0.036582,-0.21125,-0.085145,-0.27121,-0.40565,-0.1062,0.48206,1.8438,1.4594,-1.9446,-1.838
2.0486,2.0125,2.8037,1.0397,-1.0964,-0.99124,-0.18747,-0.64654,-1.326,-0.16119,0.81042
-0.42634,0.49224,-0.085145,-0.8834,0.86229,0.77883,0.1473,-0.27065,-0.1276,0.26032,1.3401
-0.50763,-0.49608,-0.69333,1.2564,-0.97342,-1.8763,-0.18747,-1.1164,-1.5651,0.24151,-0.24895
-0.21859,-0.65737,-0.54128,-0.76768,-1.4534,-0.1062,0.48206,0.011277,0.29083,0.41195,-0.24895
0.35272,-0.69169,-0.085145,1.3286,0.27544,-0.99124,-0.18747,-0.97545,-1.3227,0.42371,-0.24895
0.5266,0.15594,0.52304,-0.27121,-0.40565,-0.1062,0.48206,1.8438,1.4594,-1.9446,-1.838
-0.90732,-1.0005,-1.3015,1.4626,0.86124,-0.99124,-4.5394,-2.1736,-2.4838,0.13603,-0.24895
2.3579,2.0983,3.1078,1.4425,-0.19513,-0.99124,-0.18747,-0.64654,-1.326,-0.016059,-0.5138
0.27143,0.26575,0.37099,-0.58836,1.7562,0.77883,-0.18747,-0.55257,-0.57437,0.092245,1.3401
2.3308,2.6954,3.4119,1.3887,0.5608,-0.99124,-0.18747,-0.64654,-1.3128,-0.15519,0.81042
5.3409,2.5684,5.8446,1.6705,-0.37808,-1.8763,-0.18747,-0.99895,-1.888,-0.021683,-0.5138
1.0008,0.82511,1.2833,-1.0423,-0.71575,0.77883,0.81682,0.2932,0.75484,0.59427,-0.24895
-0.57989,1.0036,0.0669,-0.59335,-0.86022,-0.1062,0.1473,1.8438,1.473,-1.8971,-0.5138
-0.45569,-0.57501,-0.69333,1.4735,0.30204,-1.8763,-0.18747,0.99801,0.23919,-1.8175,-0.5138
-0.32472,-1.6079,-1.1495,0.88339,-1.0078,-0.99124,0.1473,-0.41161,-0.96023,0.14129,-0.5138
-0.32698,1.4531,0.52304,-0.64906,0.20997,0.77883,0.48206,0.2932,0.76911,0.79149,1.3401
0.99403,1.6693,1.7394,0.79072,-0.967,-0.99124,0.1473,-0.29414,-0.77466,0.13077,-0.5138
1.3169,3.9582,3.2599,1.2682,-1.1137,-1.8763,-0.18747,-0.76401,-1.5196,-0.021683,-0.5138
1.265,-0.13233,0.97917,1.6927,-0.165,-1.8763,-4.5394,-2.4086,-2.9133,-0.027321,-0.24895
4.388,-0.15292,3.5639,2.1937,-1.2687,-1.8763,-0.18747,-1.3983,-2.029,0.2352,-0.24895
3.9883,1.8443,4.3242,2.1108,-1.1598,-1.8763,-0.18747,-0.99895,-1.888,-0.027321,-0.5138
0.25336,0.2932,0.37099,0.49565,-0.24678,-0.99124,-0.18747,-0.52908,-1.1353,-0.1672,-0.5138
1.2469,0.45106,1.2833,2.0157,-0.70663,-1.8763,-4.5394,-2.526,-3.1189,-0.027321,-0.24895
2.8276,0.55058,2.6517,3.2499,-0.54667,-1.8763,-0.52223,0.17573,-1.2534,-2.0274,-1.838
3.5096,3.6837,4.9324,1.0503,-1.5489,-0.99124,0.1473,-0.52908,-1.1484,0.13077,-0.5138
1.755,0.7908,1.8914,0.38828,0.51708,-0.1062,-4.5394,-1.9387,-2.0693,0.00072777,1.3401
-0.30891,-0.79807,-0.69333,-0.1429,0.74778,-0.1062,-0.18747,-0.69353,-0.83517,0.072069,-0.24895
-0.21181,-0.3897,-0.38924,0.87238,-0.86184,-0.99124,0.1473,-0.69353,-0.86713,0.41195,-0.24895
-0.43763,0.5094,-0.085145,0.28078,1.3394,1.6639,0.1473,0.011277,0.34964,0.96695,1.3401
2.3037,1.0688,2.4996,0.65537,-0.2315,-0.99124,-4.5394,-2.0562,-2.2891,-0.021683,-0.24895
-0.64086,-1.1275,-1.1495,1.3977,1.3478,-0.1062,-0.18747,-0.69353,-0.83517,0.59978,-0.24895
-0.22536,-0.091145,-0.23719,1.3977,1.3478,-0.1062,-0.18747,-0.69353,-0.83517,0.59978,-0.24895
-0.72153,-0.86996,-0.87952,-0.49503,-0.13052,0.47762,-0.2,-0.98191,-0.62746,-1.7832,-0.65811
2.4966,5.2286,4.2653,0.50644,0.2806,-0.51742,12.3,3.1372,1.7678,0.93266,2.8395
4.1404,1.1272,2.9179,2.5538,3.6577,-2.5075,-0.2,0.020039,-1.7546,0.40588,1.055
1.9105,0.48206,1.3254,0.33953,-0.22178,-1.5125,14.8,3.5825,2.268,1.3414,-0.90794
4.6311,0.29951,2.7341,2.3355,2.6625,-2.5075,7.3,3.8052,1.3712,-5.575,-0.015703
0.69465,0.14989,0.46793,0.071504,-0.3199,0.47762,16.05,4.9185,4.2015,3.4594,0.34119
0.58561,-0.29621,0.16169,-0.53292,-0.0093433,1.4727,16.05,5.3638,4.89,0.58923,1.5903
-0.3358,-0.70251,-0.57328,-0.34007,-0.42522,-0.51742,16.05,5.1411,4.4816,0.27663,-0.90794
0.48338,0.47383,0.52918,-0.11898,-0.17102,-0.51742,-0.2,0.68801,0.19676,-0.85489,0.34119
-0.26083,-0.33327,-0.32829,-0.17824,-0.29162,-0.51742,-0.2,0.855,0.46011,-1.7832,-0.90794
0.32118,0.85953,0.65168,-0.58577,-0.37662,0.47762,-0.2,-0.31394,0.52778,0.79195,-0.65811
1.094,0.74835,1.0192,0.0095312,-0.10773,0.47762,-0.2,2.0239,2.2309,2.6057,0.84084
1.3503,2.4916,2.1216,-0.040059,-0.3199,-0.51742,-0.2,1.022,0.71976,-0.91667,-0.90794
-0.3099,-0.39504,-0.38954,0.16959,-0.51365,-0.51742,-0.2,0.52101,-0.070456,-0.020259,0.34119
0.7887,0.27754,0.59043,-0.20042,-0.26964,-0.51742,16.05,4.6958,3.8491,1.3414,-0.90794
-0.49663,-0.7629,-0.69578,-0.074986,-0.10773,-0.51742,-0.2,2.0239,2.1813,2.4703,0.84084
-0.49118,-0.65721,-0.63453,-0.56957,0.072026,1.4727,-0.2,-0.81492,-0.31136,-0.73225,0.84084
-0.6193,-0.52818,-0.63453,-0.51301,-0.22493,0.47762,-0.2,-0.81492,-0.35183,-0.94768,-0.65811
0.29665,-0.0052159,0.16169,-0.25288,-0.41885,0.47762,17.3,5.8091,5.4305,2.3679,-0.90794
1.4402,-0.37857,0.59043,-0.21067,-0.054437,-0.51742,-0.2,1.356,1.1503,-0.70786,-0.65811
0.69874,0.14577,0.46793,-0.61024,-0.23607,1.4727,-0.2,3.3599,4.3027,2.4703,0.84084
0.15217,0.47383,0.34544,-0.3148,-0.33752,-0.51742,-0.2,-0.98191,-0.66867,-0.078121,-0.65811
-0.47073,-0.56662,-0.57328,-0.26342,-0.26812,0.47762,-0.2,-0.64793,-0.04057,0.84624,0.84084
0.44386,-0.042277,0.22294,-0.093453,-0.47621,-1.5125,-0.2,1.5786,1.4486,1.3048,-0.65811
0.82823,3.1285,2.1829,-0.44667,-0.52034,0.47762,-0.2,1.8569,2.0569,-0.85489,0.34119
-0.10272,-0.38131,-0.26704,-0.094669,-0.21203,1.4727,-0.2,1.356,1.3213,1.8912,0.34119
-0.34534,-0.47053,-0.45079,0.34428,-0.29973,-2.5075,14.8,3.1372,1.6152,-0.70786,-0.90794
-0.43939,-0.487,-0.51203,-0.73834,-0.34679,1.4727,-0.2,3.5825,4.6481,2.3679,-0.65811
-0.37532,0.22676,-0.083297,-0.19883,-0.36428,-0.51742,16.05,4.9185,4.1563,1.4145,0.34119
-0.8074,-0.78349,-0.87952,-0.3148,-0.33752,-0.51742,-0.2,-0.98191,-0.66867,-0.078121,-0.65811
1.2589,1.8053,1.6929,-0.046877,-0.459,-1.5125,16.05,4.2505,3.1977,0.23704,-0.90794
0.025407,-0.17679,-0.083297,-0.070164,-0.14207,0.47762,-0.2,1.523,1.5696,0.8733,0.34119
0.60197,-0.090318,0.28419,0.31903,0.35912,-1.5125,4.8,3.8052,1.8057,-2.8011,1.055
-0.26355,-0.55289,-0.45079,-0.30131,-0.26812,0.47762,-0.2,2.6919,3.2331,3.3631,-0.65811
-0.011395,-0.25091,-0.14455,-0.54302,-0.36817,0.47762,-0.2,-0.31394,0.52778,-0.078121,-0.65811
-0.70109,-0.66819,-0.75702,-0.37455,-0.28138,0.47762,-0.2,-0.64793,-0.060489,0.81912,-0.65811
-0.56887,-0.57897,-0.63453,-0.41426,-0.0009688,0.47762,-0.2,-0.98191,-0.62746,0.1233,2.3398
-0.43121,-0.49524,-0.51203,0.0101,-0.38261,-1.5125,-0.2,0.855,0.44073,-0.97876,-0.90794
-0.13679,-0.347,-0.26704,3.8196,2.8744,-1.5125,4.8,1.022,-1.9094,0.8733,2.8395
-0.23902,-0.46642,-0.38954,-0.54463,-0.066972,1.4727,16.05,5.5864,5.1834,1.5597,1.5903
2.6901,0.91993,1.9991,0.1835,-0.58214,-1.5125,16.05,4.0278,2.8764,1.268,-0.90794
0.30619,-0.34837,-0.022049,-0.55877,-0.39633,0.47762,-0.2,3.3599,4.2803,3.3309,-0.65811
-0.72017,-0.42661,-0.63453,-0.060382,-0.45949,-1.5125,16.05,4.4732,3.5142,1.3048,-0.90794
-0.60295,-0.54465,-0.63453,-0.53039,-0.3162,0.47762,-0.2,-0.64793,-0.060489,-0.049158,-0.65811
0.32118,0.30362,0.34544,-0.78631,-0.40187,1.4727,-0.2,4.0278,5.3449,3.3631,-0.65811
-0.42984,0.059297,-0.20579,-0.094669,-0.21203,1.4727,-0.2,1.356,1.3213,1.8912,0.34119
-0.42984,-0.83016,-0.69578,-0.22165,-0.35939,0.47762,-0.2,-0.81492,-0.35183,0.79195,-0.65811
-0.20222,0.38598,0.10045,-0.45003,-0.56447,0.47762,-0.2,-0.48094,0.22621,0.76472,-0.65811
-0.0032167,-0.5927,-0.32829,0.080613,-0.27305,-1.5125,-0.2,-1.6499,-1.865,-0.91667,-0.65811
-0.20222,-0.28111,-0.26704,-0.51301,-0.22493,0.47762,-0.2,2.4693,2.8884,1.3048,-0.65811
-1.5645,-1.4409,-1.6713,-0.19957,-0.58023,-0.37051,0.49858,0.2238,-0.086049,-0.36346,-0.76206
1.7281,1.5208,1.8106,2.9597,0.28935,-0.81159,0.31254,1.3428,-0.14586,-2.8478,-2.1229
0.66507,2.2728,1.5427,0.91783,0.10812,0.070573,0.49858,0.2238,-0.066156,0.40418,0.59876
0.40885,0.97993,0.73923,1.9437,-0.95793,-0.81159,0.49858,-0.5222,-1.1538,-0.12808,-0.76206
1.461,7.7213,4.7568,2.2116,-1.2516,-1.2527,0.31254,-1.0817,-1.9471,-0.61913,-0.76206
0.89402,0.92716,1.0071,4.0861,-0.5304,-1.2527,0.12651,0.2238,-1.6054,-2.8478,-2.1229
0.21805,0.67651,0.47139,0.34009,-0.79366,-0.37051,0.68462,0.4103,0.161,-0.11864,-0.76206
2.0933,0.01029,1.2749,0.84819,0.10812,-0.37051,0.49858,0.2238,-0.086049,0.13514,-0.76206
0.098124,0.82162,0.47139,-0.96675,3.6511,4.4814,-1.7339,0.0373,2.5678,3.6195,2.7761
3.031,9.0273,6.3638,1.5119,-0.1763,-0.81159,0.49858,-0.5222,-1.1538,-0.36346,-0.76206
-0.059965,-0.58996,-0.33212,-0.27439,0.86562,0.51165,-1.7339,-1.2682,-0.36698,0.62464,-0.4899
-0.25621,-0.3525,-0.33212,1.9925,-0.042119,-0.81159,0.31254,-0.8952,-1.671,-0.32296,0.59876
-0.25621,0.71608,0.20356,0.1254,-0.31194,-0.37051,0.49858,0.0373,-0.35687,-0.36346,-0.76206
0.13628,0.24116,0.20356,2.0284,-0.95036,-0.81159,0.49858,1.3428,-0.16585,-2.9138,-2.1229
-1.1666,-1.3881,-1.4035,-0.49783,0.14479,0.070573,0.68462,1.3428,1.4942,0.40418,0.59876
0.049062,0.3467,0.20356,-0.58175,-0.32838,0.070573,0.49858,0.5968,0.46262,-0.32296,0.59876
-1.401,-0.035883,-0.86779,1.166,-0.81102,-0.81159,0.49858,1.7158,0.30759,-3.0941,-2.1229
0.087222,1.9034,1.0071,0.011216,-0.42624,-0.37051,0.68462,0.5968,0.42399,-0.11864,-0.76206
-0.038159,-0.61635,-0.33212,-0.39441,-0.84051,-0.37051,0.49858,0.4103,0.18062,-0.36346,-0.76206
-0.92673,-0.60975,-0.86779,-0.094119,1.0609,0.070573,0.49858,-0.1492,-0.5705,-0.33303,0.59876
-0.62145,-0.44485,-0.59995,2.8553,0.16715,-0.81159,0.31254,-0.8952,-1.671,-0.11864,-0.76206
2.1097,-1.0781,0.73923,2.0833,-1.2623,-0.81159,0.49858,-0.7087,-1.4211,-0.12808,-0.76206
-0.46337,-1.1704,-0.86779,1.4509,-0.41561,-0.81159,0.49858,-0.7087,-1.4211,-0.37367,-0.76206
-0.28892,0.75566,0.20356,-1.8459,0.40768,0.51165,-1.7339,-1.2682,-0.36698,0.16124,1.1431
8.466,5.1224,7.703,1.2554,-0.22458,-0.81159,0.49858,-0.3357,-0.89089,-0.11864,-0.76206
2.3713,1.2768,2.0784,-0.33222,-0.84051,-0.37051,0.49858,0.4103,0.18062,-0.090503,0.59876
-0.25076,0.1752,-0.064281,1.648,-0.37781,-0.37051,0.49858,-0.1492,-0.6115,0.1264,-0.76206
-0.010903,0.41925,0.20356,-0.55881,0.040815,0.070573,0.68462,0.5968,0.44332,-0.090503,0.59876
3.7723,3.3216,3.9533,0.27307,-0.40472,-0.37051,0.68462,0.4103,0.161,0.13514,-0.76206
10.014,19.812,16.006,1.5287,2.1713,0.070573,0.31254,0.4103,0.23933,0.1699,0.59876
0.75229,2.1673,1.5427,1.7469,-0.35659,-0.81159,0.49858,-0.7087,-1.4211,-0.36346,-0.76206
1.63,1.1053,1.5427,-0.19957,-0.58023,-0.37051,0.49858,0.2238,-0.086049,-0.36346,-0.76206
0.5942,1.2899,1.0071,0.7916,-1.159,-0.81159,0.49858,-0.1492,-0.63204,-0.11864,-0.76206
0.58875,3.4337,2.0784,2.4646,-0.90951,-1.2527,0.31254,0.7833,-0.89089,-3.0941,-2.1229
-0.73593,0.22797,-0.33212,1.2159,-0.23532,-0.81159,0.49858,-0.5222,-1.1538,-0.35328,-0.76206
1.063,0.18839,0.73923,0.49342,-1.0482,-0.37051,0.68462,0.4103,0.161,0.11763,-0.76206
-0.37069,-0.74827,-0.59995,-1.3888,-0.61814,0.070573,0.87066,1.5293,1.739,0.13514,-0.76206
-0.79045,-0.77466,-0.86779,-1.1149,-0.1152,0.070573,-1.7339,-1.6412,-0.98507,-0.11864,-0.4899
-1.1175,-0.91318,-1.1356,0.63549,0.3684,-0.37051,0.49858,0.4103,0.18062,0.15256,0.59876
1.1666,1.6659,1.5427,-0.1803,-0.4265,-0.37051,0.68462,0.5968,0.42399,0.14386,-0.76206
-0.29982,-0.29973,-0.33212,0.5379,0.10578,-0.37051,0.49858,-0.1492,-0.6115,-0.071879,0.59876
-0.85041,-0.7021,-0.86779,-0.14071,0.42428,0.070573,0.49858,0.4103,0.20021,-0.31291,0.59876
-0.054514,3.6778,1.8106,-0.30055,-0.073647,0.070573,0.68462,0.7833,0.70222,-0.081178,0.59876
-0.12538,0.023482,-0.064281,-0.54299,1.1257,0.070573,-1.7339,-2.2007,-1.8361,-0.33303,1.1431
0.21805,0.67651,0.47139,1.0055,-0.62745,-0.81159,0.49858,2.2753,1.0231,-2.9921,-2.1229
0.67052,1.7319,1.2749,0.59516,0.25019,-0.37051,0.49858,-0.3357,-0.87003,-0.32296,0.59876
-0.50698,-1.1177,-0.86779,-1.7014,-1.5767,0.070573,-1.7339,-0.8952,0.17081,0.35523,-0.4899
0.50153,0.8678,0.73923,2.5084,-0.73294,-1.2527,0.31254,0.96981,-0.6526,-2.8478,-2.1229
1.6082,0.06306,1.0071,0.49342,-1.0482,-0.37051,0.68462,0.4103,0.161,0.11763,-0.76206
0.43066,2.5564,1.5427,1.3665,-0.41285,-0.81159,0.49858,1.7158,0.30759,-2.9138,-2.1229
-0.62933,-0.54393,-0.59094,-0.040955,-1.539,-0.042803,-16.487,-5.9409,-6.6094,0.64148,0.60439
0.37013,-0.096643,0.10022,-0.54088,-0.21758,-0.042803,0.78978,0.88107,0.8142,-0.64749,-1.0439
-0.68695,0.079398,-0.24536,0.50416,-1.3126,-1.1129,-0.44425,0.18731,-0.34256,-0.80962,-1.0439
-0.083263,-0.35352,-0.24536,1.2344,-1.2119,-1.1129,-0.44425,0.36075,-0.036433,-0.74246,-1.0439
-1.1328,0.10814,-0.41815,7.8145,5.6451,-4.3231,-11.551,-4.7846,-8.0688,0.16897,3.5347
-0.093283,-0.34634,-0.24536,1.3058,-0.97874,-1.1129,-0.44425,-0.15956,-0.9041,-0.69093,-1.0439
-0.55669,-0.74153,-0.67734,1.0732,-1.2119,-1.1129,-0.44425,0.36075,-0.05739,-0.80962,-1.0439
-0.6118,-0.55651,-0.59094,0.81438,-0.077862,-1.1129,-0.44425,-1.894,-1.9184,1.3039,0.60439
0.92872,1.8308,1.4825,0.84414,-0.72993,-1.1129,-0.44425,0.013875,-0.63204,-0.80962,-1.0439
-0.79716,-0.56908,-0.67734,0.18834,1.3833,1.0273,-0.44425,1.228,1.4076,-0.57461,0.32967
-1.0752,-0.9517,-1.0229,-1.02,-2.9607,-0.042803,-16.487,-5.6518,-5.9385,0.74796,0.60439
-1.238,-0.83494,-1.0229,1.6606,0.81101,-1.1129,-16.487,-5.0737,-6.1355,0.64555,0.32967
-0.72202,-0.76848,-0.76374,-2.247,0.95055,2.0973,0.78978,-0.67988,0.35754,1.3155,0.60439
-0.80217,-0.41999,-0.59094,13.086,64.765,-1.1129,-16.487,-4.6883,-6.0139,0.88398,1.3108
-0.12334,-0.17928,-0.15897,0.06884,1.1412,-0.042803,-1.6783,0.18731,-0.30004,-0.64749,-1.0439
-0.39387,-0.42178,-0.41815,-0.46391,-0.1988,-0.042803,0.78978,0.88107,0.8142,-0.57461,0.32967
-0.55419,-0.30682,-0.41815,-1.1742,-1.7201,1.0273,-16.487,-5.5555,-5.7074,0.75558,0.60439
0.35009,-0.37328,-0.072572,-0.42513,10.601,2.0973,-16.487,-5.2664,-5.7296,1.3183,4.4505
-0.1008,-0.19544,-0.15897,-1.3047,-0.75643,1.0273,2.0238,-0.85332,-0.0050398,1.4711,0.60439
-0.69446,-0.64273,-0.67734,0.73557,0.81444,-0.042803,-16.487,-6.0372,-6.8248,0.75558,0.60439
5.2021,2.9859,3.988,8.6156,28.428,3.1674,-14.019,-4.4955,-6.5699,1.0566,3.0769
0.78594,0.7692,0.79138,0.84414,-0.72993,-1.1129,-0.44425,0.013875,-0.63204,-0.80962,-1.0439
-0.56421,-0.29963,-0.41815,-0.24524,0.026588,-0.042803,-0.44425,0.53419,0.24431,-0.74246,-1.0439
-1.0351,-0.39843,-0.67734,0.41958,-1.3126,-1.1129,-16.487,-4.9773,-5.931,0.54055,1.7033
-1.1128,-0.92476,-1.0229,13.408,31.462,-2.1829,-16.487,-4.9773,-7.3591,0.7403,4.1071
-0.31121,-0.62657,-0.50455,1.4327,1.3376,-1.1129,-16.487,-5.2664,-6.5384,0.54055,1.7033
-0.46401,-0.37148,-0.41815,-0.94842,0.61444,1.0273,0.78978,1.228,1.388,-0.60921,0.32967
-0.03567,0.33987,0.18661,-0.87792,0.68708,1.0273,-0.44425,1.0545,1.1229,-0.54279,0.32967
-1.2305,-0.84033,-1.0229,0.04616,2.3669,1.0273,-0.44425,-1.3736,-0.91507,1.519,2.2527
-0.65939,-0.66788,-0.67734,-1.3689,-0.51947,1.0273,2.0238,-0.67988,0.31644,1.6376,0.60439
-0.02565,-0.39484,-0.24536,2.4106,6.3251,-1.1129,-16.487,-5.2664,-7.1179,0.12191,2.4882
-0.92742,-0.91218,-0.93653,-0.049819,0.57572,-0.042803,-16.487,-4.881,-5.7296,0.52745,0.32967
1.084,0.84644,0.96417,0.3631,0.28421,-1.1129,-0.44425,0.88107,0.83426,-0.57461,0.32967
-1.0527,-0.96787,-1.0229,0.48453,1.7239,-0.042803,-16.487,-5.0737,-6.1202,0.54489,1.7033
-0.048195,-0.23317,-0.15897,0.73557,0.81444,-0.042803,-0.44425,-1.7205,-1.5853,1.4711,0.60439
-0.96499,-0.88524,-0.93653,1.0983,-0.077862,-0.042803,-16.487,-6.1336,-7.0439,0.75558,0.60439
-0.89736,-0.93374,-0.93653,1.7482,1.5258,-1.1129,-16.487,-4.9773,-5.931,0.64148,0.32967
-0.43145,-0.39484,-0.41815,-1.1742,-1.7201,1.0273,2.0238,-0.85332,-0.0050398,1.4711,0.60439
-0.13837,-0.314,-0.24536,0.72894,-0.66278,-1.1129,-16.487,-4.7846,-5.5457,0.6374,0.32967
-0.68695,-0.50262,-0.59094,-0.60364,-0.50685,-0.042803,-16.487,-4.6883,-5.3066,0.42769,1.7033
-0.3588,-0.30143,-0.33176,1.5353,1.3937,-0.042803,-1.6783,0.18731,-0.30004,-0.54279,0.32967
1.0214,-0.41819,0.18661,0.97118,-0.12934,-1.1129,-16.487,-5.17,-6.3431,0.53183,0.32967
0.13967,-0.5134,-0.24536,0.037665,0.66033,-0.042803,-16.487,-4.881,-5.7148,0.42299,0.32967
1.2819,0.12251,0.61859,-0.54284,0.31109,-0.042803,-0.44425,-1.7205,-1.5625,1.1608,2.2527
-0.74206,-0.75411,-0.76374,-0.72604,-1.0253,-0.042803,-16.487,-4.5919,-5.1139,0.5362,1.7033
3.7668,3.8697,3.9016,0.98813,-0.25346,-1.1129,-0.44425,0.18731,-0.34256,-0.64749,-1.0439
-0.74456,-0.60681,-0.67734,1.5679,-0.87443,-1.1129,-16.487,-5.17,-6.3431,0.54489,1.7033
-0.2561,-0.52058,-0.41815,-0.83138,-0.054832,1.0273,0.78978,1.7483,2.2391,-0.57461,0.32967
-0.88984,-0.64812,-0.76374,-1.3083,0.12761,1.0273,-16.487,-4.3992,-4.7085,0.53183,0.32967
-0.69446,-0.64273,-0.67734,0.84605,-0.28092,-1.1129,-16.487,-4.881,-5.7444,0.64555,0.32967
-0.50697,-0.28172,-0.49377,1.6244,0.18212,-1.2095,0.59732,1.0608,-0.13238,-2.4612,-1.582
-0.59815,-0.95289,-0.80238,1.3479,0.3559,-1.2095,0.75127,-0.23286,-0.97815,0.088673,-0.27672
-0.35106,-0.27527,-0.37033,0.86409,-1.0173,-1.2095,0.75127,0.025874,-0.53146,-0.14398,-0.27672
-0.54128,-0.55492,-0.61721,1.0695,-0.12468,-1.2095,0.75127,1.7077,0.8854,-2.5327,-1.582
-0.0029808,-0.34195,-0.12344,-0.665,-0.11234,0.30237,1.0592,1.1902,1.4982,0.32019,-0.27672
-0.54226,-0.37852,-0.55549,0.86409,-1.0173,-1.2095,0.75127,0.025874,-0.53146,-0.14398,-0.27672
-0.54815,-0.71411,-0.67893,0.585,0.66118,-0.45356,0.75127,0.025874,-0.51388,-0.11613,-0.27672
-0.13829,0.30341,2.227e-15,-1.2811,-0.21214,1.0583,1.2131,1.7077,2.3989,0.54337,-0.27672
-0.51873,-0.77865,-0.67893,1.3935,0.47089,-1.2095,0.75127,-0.1035,-0.75305,0.097255,-0.27672
-0.37656,-0.56783,-0.49377,0.98225,-0.51485,-1.2095,0.75127,0.025874,-0.53146,0.088673,-0.27672
4.3093,0.6519,3.5798,0.82388,-1.3844,-1.2095,-1.0961,-1.5266,-1.8591,0.071434,-0.015663
0.20097,0.77882,0.43205,0.88695,-0.77011,-1.2095,-1.0961,-1.6559,-2.1036,-0.14398,-0.015663
-0.2589,-0.65173,-0.43205,2.0511,-0.62632,-1.9654,0.59732,0.80209,-0.54906,-2.4612,-1.582
-0.35401,-0.61731,-0.49377,-0.095055,-1.3844,-0.45356,-1.0961,-1.0091,-0.85165,0.2962,-0.015663
-0.49618,-0.65388,-0.61721,1.0198,-0.6325,-1.2095,0.75127,1.4489,0.47977,-2.6258,-1.582
1.0138,3.5259,2.0368,-1.5883,-1.3844,1.0583,-1.0961,-2.044,-0.99632,0.74574,0.37592
-0.33636,-0.30754,-0.37033,-1.0039,0.44634,1.0583,1.0592,1.1902,1.5137,0.31222,-0.27672
-0.33341,-0.31399,-0.37033,0.15869,-0.40743,-0.45356,0.90522,0.41398,0.14741,0.080066,-0.27672
-0.58639,-0.80446,-0.74066,1.0852,0.12827,-1.2095,0.75127,0.025874,-0.53146,0.088673,-0.27672
0.00094129,-0.0020652,-5.1393e-16,-0.46786,-0.2371,0.30237,1.0592,0.93146,1.0448,0.30422,-0.27672
-0.51187,-0.44521,-0.55549,1.7159,-0.56259,-1.2095,0.75127,1.1902,0.063178,-2.5327,-1.582
-0.33243,-0.49039,-0.43205,0.82388,-1.3844,-1.2095,0.90522,0.15524,-0.31322,0.071434,-0.27672
-0.54815,-0.71411,-0.67893,0.73635,-0.85375,-0.45356,0.90522,0.28461,-0.08112,0.088673,-0.27672
-0.48441,-0.67969,-0.61721,0.6342,-0.39481,-0.45356,0.90522,0.41398,0.14741,0.32019,-0.27672
-0.56776,-0.49684,-0.61721,1.9432,-0.95298,-1.9654,0.59732,-0.62097,-1.6572,-0.36791,-0.27672
-0.46284,-0.55277,-0.55549,1.0762,-0.38029,-1.2095,0.75127,1.4489,0.47977,-2.4612,-1.582
-0.39715,-0.52266,-0.49377,0.083979,1.3926,0.30237,0.75127,0.28461,-0.047042,0.12285,1.0286
-0.34322,0.056017,-0.24689,0.076932,-0.47175,-0.45356,0.90522,0.54335,0.37254,0.097255,-0.27672
-0.5805,-0.64312,-0.67893,1.7934,-0.76272,-1.2095,0.75127,-0.36223,-1.2069,-0.13467,-0.27672
0.6167,0.040959,0.49377,-0.24587,3.2382,1.8142,-1.0961,-0.36223,0.47977,1.01,1.5507
-0.54717,-0.71626,-0.67893,1.5077,0.4914,-1.2095,0.75127,-0.23286,-0.97815,-0.11613,-0.27672
-0.46676,-0.54417,-0.55549,0.82388,-1.3844,-1.2095,0.90522,0.15524,-0.31322,0.071434,-0.27672
-0.57266,-0.31184,-0.55549,0.018058,0.53918,0.30237,0.90522,0.93146,1.0606,0.54337,-0.27672
-0.32851,-0.32474,-0.37033,-1.045,1.0867,1.0583,-1.0961,-0.62097,-0.055554,0.58774,3.117
-0.65502,-0.47963,-0.67893,-1.0657,0.31267,1.0583,-1.0961,-0.4916,0.17259,0.55823,1.5507
-0.34812,-0.28172,-0.37033,0.86409,-1.0173,-1.2095,0.75127,0.025874,-0.53146,-0.14398,-0.27672
0.48041,0.51422,0.55549,-0.43678,0.25719,0.30237,-1.0961,-0.75034,-0.33924,0.31222,-0.015663
-0.46971,-0.53771,-0.55549,1.5623,0.43422,-1.2095,0.75127,-0.23286,-0.97815,0.097255,-0.27672
-0.5256,-0.066601,-0.43205,-0.39229,0.070221,0.30237,0.90522,0.80209,0.82924,0.32019,-0.27672
-0.34126,-0.64527,-0.49377,0.19901,0.42896,-0.45356,-1.0961,-1.2678,-1.3461,0.097255,-0.015663
-0.61776,-0.73562,-0.74066,1.4649,0.48827,-1.2095,0.75127,-0.1035,-0.75305,0.097255,-0.27672
-0.5658,-0.67539,-0.67893,0.73635,-0.85375,-0.45356,0.90522,0.28461,-0.08112,0.088673,-0.27672
-0.36871,-0.58504,-0.49377,0.037229,1.3926,0.30237,0.75127,0.28461,-0.047042,-0.10691,1.0286
-0.52167,-0.94644,-0.74066,0.31813,0.8535,0.30237,-1.0961,-1.0091,-0.83367,0.53592,-0.015663
-0.22164,-0.21073,-0.24689,1.3921,0.15644,-1.2095,0.75127,-0.36223,-1.2069,-0.14398,-0.27672
-0.69817,-0.73347,-0.80238,-0.27492,0.12038,0.30237,0.90522,0.80209,0.82924,0.097255,-0.27672
0.66671,2.3707,1.3579,-0.93716,-0.9393,1.0583,-1.0961,-0.36223,0.41387,0.75276,-0.015663
0.099973,0.6519,0.30861,-1.3061,0.0079949,1.0583,-1.0961,-0.23286,0.66767,0.75976,-0.015663
-0.33145,-0.14404,-0.30861,1.2057,0.19233,-1.2095,0.75127,1.4489,0.47977,-2.348,-1.582
-0.51383,-0.61516,-0.61721,1.6849,-0.40092,-1.2095,0.75127,1.3196,0.2729,-2.4612,-1.582
2.9339,1.2621,2.2254,-1.3584,1.0052,1.2531,-15.626,-3.1712,-2.8328,0.92639,1.7025
13.205,8.9699,11.874,1.4129,-0.95701,-1.6839,-1.5485,-2.3491,-3.4711,0.90991,0.11773
-0.20164,-0.97852,-0.65659,-0.12419,1.1435,0.27412,-0.37539,0.93913,0.87685,-0.46694,1.2497
0.044408,0.34995,0.22053,-0.25002,-0.45736,0.27412,0.7977,1.1364,1.1759,-0.74898,-1.0143
-0.5647,0.018516,-0.28068,-1.2842,0.9822,1.2531,0.7977,-0.83653,0.25466,1.6344,1.7025
2.4538,1.4785,2.1001,-0.539,0.67334,1.2531,-15.626,-3.0068,-2.5268,1.3408,0.34412
-1.4769,-1.5893,-1.659,-1.0829,1.4833,1.2531,0.7977,-1.2311,-0.49952,1.4697,1.7025
3.9331,1.2374,2.7266,-0.034469,1.4232,0.27412,-1.5485,-1.8559,-2.5156,0.92092,0.11773
2.4478,1.9277,2.3507,0.42987,1.345,0.27412,-15.626,-3.8289,-4.2046,1.2114,1.7025
0.5575,0.76903,0.72175,0.041412,1.3252,0.27412,-0.37539,0.54454,0.19275,-0.58194,0.11773
1.0796,0.73616,0.97236,-1.5867,-0.37437,1.2531,0.7977,-0.83653,0.25466,1.4697,1.7025
2.7149,1.2402,2.1001,0.025047,-2.2821,-0.70489,-15.626,-3.6644,-3.9005,1.0432,0.34412
0.82455,0.081516,0.47114,-0.78218,-0.98907,0.27412,-0.37539,1.3337,1.5417,-0.61638,0.11773
2.8859,1.7496,2.476,-0.23817,-0.91264,0.27412,0.7977,-1.0338,-1.0509,1.0534,0.11773
-1.8399,-1.4798,-1.7843,1.8217,0.14229,-1.6839,-1.5485,-0.24465,-1.1876,-0.8158,-1.0143
-0.045608,2.2071,1.223,-1.0009,-2.2821,0.27412,1.9708,-1.0338,-0.15704,1.443,0.34412
-0.30065,-0.44439,-0.40598,0.96451,-0.7741,-0.70489,-0.37539,0.34724,-0.16963,-0.6977,-1.0143
3.597,1.5442,2.7266,-0.26734,0.91238,0.27412,-1.5485,-1.6915,-2.2143,0.77248,0.11773
2.0158,1.2128,1.7242,0.17631,1.1991,1.2531,-0.37539,-1.0338,-1.009,1.372,2.3817
0.92056,0.88134,0.97236,0.069654,-1.8002,-0.70489,-0.37539,-1.5271,-1.9611,0.90439,0.11773
2.5619,2.4892,2.7266,-2.5765,2.6436,3.2112,-15.626,-2.5135,-1.3996,1.094,1.7025
0.0024004,0.3883,0.22053,-1.9165,1.251,2.2321,1.9708,-0.63924,0.63482,1.4644,1.7025
0.026405,-0.077353,-0.030073,-0.49736,-0.30855,0.27412,0.7977,1.3337,1.5183,-0.74898,-1.0143
0.16743,-0.42796,-0.15538,0.95301,-0.17229,-0.70489,-0.37539,0.14994,-0.48675,-0.61638,0.11773
-0.74173,-0.70735,-0.7819,0.67422,-0.20636,0.27412,-0.37539,0.74183,0.52509,-0.61638,0.11773
0.85755,0.49512,0.72175,-0.32964,0.40278,0.27412,-0.37539,1.1364,1.1997,-0.65446,-1.0143
1.6647,0.64577,1.223,1.3611,-0.39754,-1.6839,-1.5485,-0.047351,-0.83437,-0.6977,-1.0143
1.5597,1.4072,1.5989,-0.072304,-1.5837,0.27412,0.7977,1.1364,1.1759,-0.74898,-1.0143
5.2623,2.9083,4.3556,1.8233,0.14936,-1.6839,-1.5485,-0.54059,-2.1148,-0.68853,-1.0143
6.9306,2.4947,4.9821,-0.31835,0.27222,0.27412,-0.37539,-1.1982,-1.3358,1.0738,1.2497
-0.41767,-1.225,-0.9072,-0.38364,0.63281,0.27412,-0.37539,1.1364,1.1997,-0.55028,0.11773
2.2618,2.5412,2.6013,0.67422,-0.20636,0.27412,-0.37539,-1.5271,-1.9392,1.0688,1.2497
1.8177,0.94981,1.4736,0.095,-1.476,-0.70489,-0.37539,-2.0203,-2.0351,1.1265,0.34412
30.725,29.363,32.424,1.5989,0.31495,-1.6839,-1.5485,-2.5135,-3.7683,0.77248,0.11773
-1.6449,-1.436,-1.659,-0.2646,-0.0024851,0.27412,0.7977,-1.6257,-1.2801,1.2931,0.34412
3.6661,5.9186,5.2327,0.33246,0.74378,0.27412,-0.37539,-1.1982,-1.3358,1.2066,0.11773
-0.62171,0.070559,-0.28068,-0.52109,-0.1044,0.27412,-15.626,-3.5,-3.5538,1.0483,0.34412
-0.5317,-1.3428,-1.0325,1.4937,0.58241,-1.6839,-1.5485,-0.047351,-0.83437,-0.6977,-1.0143
3.375,1.0813,2.3507,-1.0559,1.0886,1.2531,-15.626,-3.1712,-2.8557,1.0688,1.7025
5.1363,3.0233,4.3556,0.78152,0.16338,-0.70489,-0.37539,-1.8559,-2.5606,0.92092,0.11773
3.591,2.659,3.3531,0.025047,-2.2821,-0.70489,-15.626,-3.6644,-3.9005,1.0432,0.34412
17.493,8.1619,13.628,1.9427,0.54501,-1.6839,-1.5485,-2.5135,-3.7683,0.91542,0.11773
-0.36967,-0.15953,-0.28068,1.4129,-0.95701,-1.6839,-1.5485,-0.24465,-1.1876,-0.74898,-1.0143
1.5477,2.3057,2.1001,0.55734,1.128,0.27412,-15.626,-3.6644,-3.8764,1.1971,0.34412
1.0466,1.4319,1.3483,-0.32977,0.242,0.27412,0.7977,-1.4284,-0.89935,1.459,0.34412
-0.27665,-0.02257,-0.15538,0.14674,1.4232,0.27412,-0.37539,0.34724,-0.14445,-0.65446,0.11773
9.2801,23.202,17.888,0.30464,-0.79711,-0.70489,-0.37539,-1.6915,-2.2586,1.0534,0.11773
2.8169,1.5908,2.3507,-0.53835,0.13425,1.2531,0.7977,-0.86942,-0.72822,1.3542,1.2497
-1.2368,0.41021,-0.40598,0.94069,0.37022,-0.70489,-0.37539,-0.047351,-0.83437,-0.6977,-1.0143
4.5272,2.47,3.729,-0.94007,-1.5808,0.27412,-15.626,-3.1712,-2.8785,1.0483,0.34412
-1.0302,-0.8562,-1.0368,-0.90109,-0.37072,0.47762,1.6971,-0.077016,0.54808,0.86661,-0.16503
1.4532,8.7359,5.7765,-0.9665,0.11457,1.4727,-19.516,-3.7674,-3.7351,0.36807,-0.16503
-0.06098,-0.20205,-0.14811,-0.82472,0.11457,1.4727,1.6971,0.083434,0.87116,1.0393,1.0727
-0.088572,0.081944,-8.4275e-15,-0.70498,0.6673,0.47762,0.28284,-0.71882,-0.60528,0.55503,-0.16503
-0.66802,1.135,0.29623,-0.76385,0.31718,0.47762,0.28284,-0.39792,-0.019322,0.57192,1.0727
1.805,-0.11909,0.88869,8.0286,17.877,-2.5075,-19.516,-3.5668,-5.4602,0.38212,2.1336
4.0434,9.1826,7.4057,-4.0014,12.396,13.413,-19.516,-3.3663,-1.3579,1.6223,3.5481
4.002,4.0515,4.4434,9.7131,32.723,3.4627,-19.516,-3.7674,-5.2724,1.0159,3.0176
-0.80253,-0.80834,-0.88869,1.477,0.27633,-1.5125,-1.1314,-1.5211,-2.0889,0.55503,-0.16503
0.87027,0.74567,0.88869,0.5663,0.20318,-0.51742,-1.1314,0.88569,0.19078,-1.3639,-1.4027
-0.66457,0.097899,-0.29623,-1.3289,-0.93741,0.47762,0.28284,-0.23747,0.27604,0.5663,1.0727
1.6877,9.2943,6.2208,17.621,72.43,0.47762,-19.516,-2.6643,-3.563,0.40991,1.2495
0.34601,-0.06165,0.14811,1.0711,0.3866,-0.51742,-1.1314,1.2066,0.71493,-1.4065,-1.4027
3.8192,1.636,2.9623,-1.2017,0.89209,2.4677,-19.516,-3.6671,-3.4947,0.27435,2.3104
6.3301,10.944,9.6274,22.087,89.277,0.47762,-19.516,-4.2688,-5.3425,0.40991,2.723
-0.57144,-0.5052,-0.59246,-1.1715,-0.42004,0.47762,0.28284,-0.39792,-0.019322,0.55503,-0.16503
28.173,21.235,27.105,2.3834,11.074,1.4727,-19.516,-4.3691,-5.5234,0.51431,2.723
5.8231,4.176,5.4802,6.2317,32.457,0.47762,-19.516,-3.8677,-4.5257,0.99174,1.6915
0.2046,0.06918,0.14811,-1.0542,1.1008,1.4727,0.28284,-0.23747,0.29493,0.59423,2.3104
3.0259,7.2808,5.7765,3.9678,10.659,1.4727,-19.516,-4.2688,-6.5221,-0.25493,3.0176
3.5881,3.1421,3.7029,1.8002,0.09217,-1.5125,-19.516,-3.6671,-5.034,-0.10586,-0.37131
-0.13341,-0.13504,-0.14811,-1.2846,1.035,1.4727,-19.516,-5.3719,-5.6348,0.37861,1.6915
2.7604,0.54783,1.7774,-1.4618,-1.9236,0.47762,-19.516,-3.7674,-3.7489,0.24085,-0.16503
28.015,11.56,21.477,20.624,57.202,4.4578,-15.274,-4.0682,-6.1658,0.76027,2.723
2.9121,-0.10951,1.4811,0.22431,-0.20725,-0.51742,0.28284,-1.0397,-1.2117,0.54938,-0.16503
2.7397,4.1855,3.851,-0.043661,-0.54569,-0.51742,-1.1314,1.2066,0.73338,-1.3639,-0.37131
5.9128,3.8345,5.3321,0.17419,2.4925,2.4677,-19.516,-2.9651,-3.3659,0.8417,1.6915
-0.5266,-0.80515,-0.74057,2.2802,-1.496,-2.5075,-1.1314,0.40434,-0.61521,-1.5229,-1.4027
-0.39209,-0.67113,-0.59246,0.048478,-0.36816,-0.51742,-1.1314,1.367,0.98066,-1.2925,-0.37131
-0.10582,-0.16057,-0.14811,0.73037,0.48606,-0.51742,-19.516,-4.5696,-5.5076,0.026066,1.0727
-0.5266,-0.28821,-0.44434,0.27688,-0.14699,-0.51742,0.28284,-0.71882,-0.62515,0.70797,-0.16503
-0.050632,3.6654,2.0736,-6.9047,10.753,13.413,-19.516,-3.266,0.55472,2.4478,3.2387
1.7084,1.5211,1.7774,-0.77261,-0.39498,0.47762,-19.516,-2.6643,-3.0521,0.13266,-0.37131
-0.50246,-0.31055,-0.44434,-0.60032,0.18032,0.47762,0.28284,-0.55837,-0.31963,0.56067,-0.16503
0.025247,0.23511,0.14811,0.83154,3.0935,1.4727,-1.1314,-0.55837,-0.26111,1.0578,2.3104
5.1264,2.7528,4.2953,-1.829,-0.12522,1.4727,-19.516,-3.7674,-3.7351,0.25208,-0.16503
3.6502,2.3093,3.2585,0.68599,-1.0739,-0.51742,-19.516,-3.0654,-3.8533,0.0090712,-0.37131
-0.76804,-0.064841,-0.44434,-0.363,-1.9236,-0.51742,1.6971,1.8484,1.7389,-1.6819,-1.4027
-0.59903,-0.47967,-0.59246,0.25658,0.14522,1.4727,0.28284,2.0088,2.0599,-1.2925,-0.37131
1.3704,0.54145,1.0368,1.477,0.27633,-1.5125,-1.1314,-1.5211,-2.0889,0.55503,-0.16503
20.361,27.17,26.364,6.3789,22.988,0.47762,-19.516,-4.7702,-5.6188,0.38561,2.3104
-0.44383,-0.62326,-0.59246,-0.18861,-0.99404,-0.51742,0.28284,-0.71882,-0.62515,0.71325,-0.16503
-0.21964,-0.57221,-0.44434,1.5112,0.46126,-0.51742,-1.1314,1.2066,0.73338,-1.3639,-0.37131
-0.25068,-0.026549,-0.14811,-0.70498,0.6673,0.47762,0.28284,-0.71882,-0.60528,0.55503,-0.16503
1.1738,1.4987,1.4811,-0.34851,0.62412,0.47762,-19.516,-2.9651,-3.6247,0.026066,0.66011
2.2327,4.3961,3.7029,-1.3964,-1.4383,0.47762,-19.516,-3.8677,-3.9655,0.12468,-0.16503
-0.22653,-0.56582,-0.44434,0.025436,0.95847,0.47762,0.28284,-0.71882,-0.60528,0.57751,1.0727
-0.12651,-0.14142,-0.14811,-1.3964,-1.4383,0.47762,1.6971,-0.077016,0.54808,0.70797,-0.16503
0.97029,0.65313,0.88869,0.36699,11.777,2.4677,-19.516,-3.0654,-3.2919,0.99444,3.7544
5.5679,17.594,13.034,-1.3262,1.2843,1.4727,-19.516,-2.7646,-3.1782,-0.09217,0.66011
0.19938,0.0016734,0.11682,-0.18407,1.5079,1,-0.97,-0.77575,-0.33045,0.49713,0.92612
0.1724,0.90155,0.49273,1.0407,-1.3543,-1,1.0127,2.3215,2.0318,-4.8367,-2.0891
-0.2678,-0.17059,-0.23017,-1.1948,0.94703,1,-0.97,-1.0652,-0.92802,-0.26343,0.92612
-0.68715,-0.40684,-0.57717,-1.2676,0.47932,1,-0.97,-0.92048,-0.64729,0.096905,0.92612
-0.45602,-0.64965,-0.54825,1.8396,3.2301,-1,-0.51245,0.96101,0.34546,0.11028,1.1415
-0.66447,-0.23786,-0.49042,-1.4629,-1.1887,1,1.3177,1.4531,2.7238,1.5293,-0.58151
-0.80855,-0.5102,-0.69283,-0.11357,0.28784,0,1.0127,2.3215,2.0765,-4.1397,-0.83279
-0.40513,-0.5184,-0.4615,-1.6293,-0.55079,1,1.3177,3.5372,4.1644,-4.3132,-0.83279
-0.72394,-0.29118,-0.54825,-0.66266,-0.61601,0,1.1652,0.93206,1.7165,1.1066,-0.58151
0.34713,1.3987,0.81081,1.221,-2.02,-2,1.0127,1.9741,1.4192,-5.2602,-2.0891
-0.56944,-0.76367,-0.66392,-1.2464,-2.02,0,1.3177,1.1057,2.043,1.0925,-0.58151
0.54087,-0.18946,0.23249,1.6644,0.50419,-1,0.86019,2.3215,2.0765,-4.5267,-2.0891
0.6733,0.63003,0.66623,2.0294,-0.26343,-2,0.86019,1.8294,0.808,-4.5026,-2.0891
-0.76011,-0.84078,-0.8085,0.24242,-0.13534,0,1.0127,0.96101,0.99741,0.47215,-0.83279
-0.44008,-0.47164,-0.4615,1.7171,0.39099,-2,0.86019,1.9741,1.4882,-4.2228,-0.83279
-0.52959,-0.48477,-0.51934,0.24116,-0.47671,-1,-0.97,-1.3547,-1.569,0.070052,-0.58151
-0.71352,-0.5709,-0.66392,-2.0749,0.5768,2,-0.97,-0.052103,1.1569,0.522,2.4337
0.27356,-0.36336,0.0011567,-11.466,11.122,39,-0.97,2.3215,19.157,12.956,2.9363
-0.51242,-0.77352,-0.635,-0.10082,-2.02,-1,1.1652,2.8425,2.9173,-5.2602,-2.0891
-0.68715,-0.73907,-0.72175,0.035051,0.28784,0,1.0127,2.3215,2.0542,-4.4132,-0.83279
2.8332,1.7932,2.4301,0.26078,0.050875,0,1.0127,0.81628,0.74126,0.48466,0.42357
-0.71719,-0.69887,-0.72175,-1.1818,-0.053378,1,1.1652,1.6847,2.3357,0.48466,0.42357
-0.68531,-0.54219,-0.635,-1.3893,1.1827,2,1.1652,1.4531,2.767,1.246,0.92612
0.010545,0.98522,0.4349,-3.0495,10.014,11,1.0127,2.3215,5.5076,3.8035,2.4337
3.1778,3.7242,3.4711,1.5968,-0.58432,-2,0.86019,-0.052103,-0.8966,-0.30669,-0.83279
-0.30642,-0.2518,-0.28801,0.23053,0.2996,0,1.0127,0.81628,0.74126,-0.24909,0.42357
-0.34934,0.33718,-0.056676,-0.89204,0.25757,1,-0.97,-0.77575,-0.35072,0.12362,0.92612
-0.48483,-0.34532,-0.43259,-0.88747,0.24325,1,1.1652,1.2794,2.4082,1.5425,-0.58151
-0.15622,0.012337,-0.085592,1.0407,-1.3543,-1,1.0127,0.38209,-0.088987,0.056575,-0.83279
-0.39471,-0.13368,-0.28801,1.5968,-0.58432,-2,0.86019,1.8004,1.1289,-4.6613,-2.0891
0.50286,-0.20504,0.20357,0.69102,-0.4992,-1,1.0127,0.52682,0.17883,0.083496,-0.83279
0.53842,0.47827,0.52165,-0.41916,-0.61601,1,-0.97,-0.77575,-0.35072,0.8243,-0.58151
-0.57618,-0.42243,-0.51934,-0.3365,-1.2082,0,1.1652,3.1899,3.529,-4.5267,-2.0891
-0.30091,0.0065953,-0.17234,-1.1553,-0.84858,1,1.1652,1.1057,2.0653,1.5819,0.92612
-0.27086,-0.36582,-0.31692,-1.1195,1.4314,1,0.86019,0.41103,0.79848,-0.03874,2.4337
-0.73865,-0.67016,-0.72175,-1.1765,0.65209,1,-0.97,-0.34156,0.54924,0.84784,0.92612
-0.61603,-0.76778,-0.69283,0.089453,0.61565,0,0.86019,0.23736,-0.32032,-0.6363,0.42357
-0.10165,-0.26001,-0.17234,0.43713,-0.42701,-1,1.0127,2.8425,2.9387,-4.6613,-2.0891
0.74993,0.19527,0.52165,-0.24104,-1.0568,0,1.1652,2.8425,2.9387,-4.5267,-2.0891
-0.43272,-0.68082,-0.54825,0.17277,-0.48601,0,1.0127,0.81628,0.72214,0.45962,-0.83279
-0.4879,-0.40766,-0.4615,-0.14923,-1.7283,0,1.1652,0.96101,0.97856,0.43448,-0.83279
0.45197,1.1255,0.75298,0.38873,0.10397,0,-0.97,-1.2099,-1.2561,0.083496,-0.58151
-0.28006,0.04515,-0.14342,-0.27609,-1.2201,0,-0.97,-1.0652,-0.97001,0.070052,-0.58151
-0.50752,-0.71364,-0.60609,0.058281,0.025309,0,-0.97,-1.2099,-1.2561,0.12362,0.92612
0.86336,0.57507,0.75298,0.081493,1.0561,1,1.0127,0.75839,1.4307,1.6342,2.4337
-0.23776,-0.47657,-0.34584,0.57161,-0.39805,-1,-0.97,-1.3547,-1.569,0.056575,-0.58151
-0.50506,-0.91625,-0.69283,0.045482,-1.0098,-1,1.0127,2.8425,2.9387,-4.5267,-2.0891
-0.70677,-0.84571,-0.77958,-0.63525,-0.17922,0,1.0127,0.41103,0.72692,0.278,-0.58151
-0.13292,-0.15172,-0.14342,-0.63706,-0.93107,0,1.1652,0.96101,0.97856,0.056575,-0.83279
1.9307,1.406,1.7361,1.221,-2.02,-2,1.0127,1.9741,1.4192,-5.2602,-2.0891
3.3162,0.029292,1.7664,1.1081,-0.62162,-0.46737,-0.73307,-1.1146,-0.85327,-0.26503,0.60607
2.4715,1.5869,2.4457,0.74228,-0.21282,-0.32574,1.2107,0.91116,0.23458,-1.0726,-1.7738
0.63876,1.9821,1.7664,0.61034,-0.62162,-0.32574,-0.73307,-1.0246,-0.71744,-0.12563,0.60607
-0.34934,-0.12182,-0.27175,0.071069,-0.62162,-0.1133,-0.73307,-0.079231,-0.0073013,0.083477,-0.18722
1.2444,-0.34267,0.40762,-1.0712,2.0062,1.7279,1.3495,1.6765,1.6028,1.044,0.60607
5.2286,2.4005,4.4838,-2.6253,-0.62162,-1.388,-0.73307,-1.6999,-1.7362,-1.1711,-1.7738
-1.2896,-0.37754,-0.95111,-0.28202,2.397,0.73647,1.3495,1.1362,0.84913,0.52762,1.796
2.1528,1.8194,2.4457,-2.6253,-0.62162,-1.388,-0.73307,-1.6999,-1.7362,-1.1711,-1.7738
-0.50871,-0.0055794,-0.27175,-2.6253,-0.62162,-1.388,-0.73307,-1.6999,-1.7362,-1.1711,-1.7738
8.432,1.9472,5.8426,0.095581,5.8328,0.66565,-0.73307,0.28091,0.48129,1.0734,1.3994
-1.194,0.49424,-0.27175,-1.9694,-0.62162,3.8523,-0.73307,1.6314,3.2897,3.9868,0.60607
9.7548,7.5731,10.598,-2.6253,-0.62162,-1.388,-0.73307,-1.6999,-1.7362,-1.1711,-1.7738
1.4834,0.4245,1.087,0.58466,1.7933,0.45321,1.2107,0.73109,0.48337,0.8248,0.60607
1.1169,3.5164,3.1251,0.40811,-0.62162,-0.25493,-0.73307,-0.2593,-0.1994,-0.055925,-0.18722
3.9218,3.3537,4.4838,-2.6253,-0.62162,-1.388,-0.73307,-1.6999,-1.7362,-1.1711,-1.7738
3.3481,3.7721,4.4838,1.0366,1.589,-0.39656,0.933,1.2263,0.60178,-0.32894,-0.82184
3.7465,7.2477,7.2013,-0.86302,6.2609,1.4446,-0.73307,0.19087,0.9839,1.4812,1.3994
2.3281,-0.19156,1.087,0.40811,-0.62162,-0.25493,-0.73307,-0.97958,-0.64952,-0.055925,0.60607
-0.38121,-0.09857,-0.27175,0.61034,-0.62162,-0.32574,-0.73307,-1.0246,-0.71744,-0.12563,0.60607
6.2008,2.633,5.1632,0.84145,-0.62162,-0.39656,1.2107,0.19087,-0.089287,-0.19533,-0.58386
-0.49277,-0.017203,-0.27175,0.55815,0.032746,-0.25493,-0.73307,-0.30432,-0.24665,-0.053749,-0.18722
-0.18997,1.645,1.087,0.40811,-0.62162,-0.25493,1.4884,1.1813,0.43716,-1.1711,-1.7738
0.27221,-0.57514,-0.27175,0.40811,-0.62162,-0.25493,-0.73307,-0.2593,-0.1994,-0.055925,-0.18722
-1.4012,1.5869,0.40762,-0.17523,6.6928,1.1613,-0.73307,0.64105,0.93944,1.6993,1.3994
0.12877,-0.47053,-0.27175,0.55815,0.032746,-0.25493,-0.73307,-0.30432,-0.24665,-0.053749,-0.18722
2.2006,3.6675,3.8045,-2.6253,-0.62162,-1.388,-0.73307,-1.6999,-1.7362,-1.1711,-1.7738
0.3997,-0.66813,-0.27175,0.42962,-0.4193,-0.25493,1.3495,0.41596,0.10761,-0.12331,-0.58386
1.8818,0.13391,1.087,0.4337,0.084835,-0.1133,1.3495,1.3163,0.54587,-1.0153,-0.82184
-1.6243,-1.075,-1.6305,0.58314,0.28397,-0.18412,1.2107,1.1813,0.44352,-1.0153,-0.82184
-0.93901,2.1913,1.087,-0.652,2.7674,1.0905,0.933,0.95617,0.90561,0.63706,0.60607
-0.014662,-0.36592,-0.27175,0.61997,0.73677,-0.1133,1.2107,0.46098,0.15576,0.098872,1.796
12.225,6.713,11.278,0.38748,12.315,1.2322,-0.73307,0.506,0.90561,1.9413,1.3994
1.8022,3.9581,3.8045,-1.6546,-0.62162,2.1527,-0.73307,0.55102,1.6597,2.3139,0.60607
-0.3334,-0.13344,-0.27175,-0.25766,2.1385,0.45321,1.0718,0.68607,0.45513,0.16232,0.60607
10.695,14.419,16.033,-1.0697,3.2794,1.3738,-0.73307,0.64105,1.0559,0.85499,1.3994
5.2764,8.0148,8.56,0.40811,-0.62162,-0.25493,-0.73307,-0.97958,-0.64952,-0.055925,0.60607
2.0731,1.8775,2.4457,1.0013,-0.050737,-0.39656,1.0718,0.14586,-0.12754,-0.19284,-0.58386
-0.36528,-1.0517,-0.95111,0.78168,0.12784,-0.32574,-0.73307,-0.39435,-0.34265,-0.12331,-0.18722
8.3204,16.151,16.033,-2.6253,-0.62162,-1.388,-0.73307,-1.6999,-1.7362,-1.1711,-1.7738
-1.0984,-0.51703,-0.95111,-2.6253,-0.62162,-1.388,-0.73307,-1.6999,-1.7362,-1.1711,-1.7738
7.6511,5.3414,7.8807,-0.6839,-0.62162,0.3824,-0.73307,-0.57443,-0.038261,0.57139,0.60607
-0.36528,-0.11019,-0.27175,0.84145,-0.62162,-0.39656,-0.73307,-0.43937,-0.3915,-0.19533,-0.18722
0.11283,-0.45891,-0.27175,0.071069,-0.62162,-0.1133,-0.73307,-0.88955,-0.51369,0.083477,0.60607
0.19252,-0.51703,-0.27175,1.0013,-0.050737,-0.39656,1.0718,0.14586,-0.12754,-0.19284,-0.58386
-1.3374,-0.34267,-0.95111,0.36215,-0.045331,-0.18412,-0.73307,-0.21428,-0.15065,0.015824,-0.18722
-0.26966,-0.17994,-0.27175,0.40811,-0.62162,-0.25493,-0.73307,-0.2593,-0.1994,-0.055925,-0.18722
13.739,2.7841,9.2394,-2.6253,-0.62162,-1.388,-0.73307,-1.6999,-1.7362,-1.1711,-1.7738
-0.4609,-0.040451,-0.27175,-0.22915,2.8942,0.80728,1.3495,1.1362,0.87223,0.64243,1.796
-1.0506,0.38963,-0.27175,0.40811,-0.62162,-0.25493,-0.73307,-0.97958,-0.64952,-0.055925,0.60607
1.2603,-0.35429,0.40762,0.071069,-0.62162,-0.1133,-0.73307,-0.88955,-0.51369,0.083477,0.60607
0.05089,0.11441,0.11534,1.1485,-0.11811,-0.78673,-3.9301,-4.4706,-4.6055,-0.183,0.15377
-0.0078293,0.25389,0.20272,-0.85112,-0.97536,-0.084293,-3.9301,-3.2613,-2.613,-0.056944,-1.2878
-0.18399,-0.18848,-0.23417,-0.88175,-0.20234,0.26693,0.57689,0.097818,0.47186,0.34269,0.15377
-0.64151,0.059939,-0.23417,-0.15661,-0.37302,-0.084293,0.57689,0.097818,0.43832,0.65112,-1.2878
-0.4678,-0.14198,-0.32155,-0.7736,-0.63439,-0.084293,0.27643,-0.090293,0.19321,0.13714,0.15377
-0.26228,0.39205,0.20272,0.58548,-0.51743,-0.43551,0.27643,1.6027,0.52206,-1.8568,-0.32676
0.59405,-0.072905,0.20272,0.46292,-0.22653,-0.43551,-3.9301,-2.5895,-3.1427,-0.32182,-0.32676
-0.65864,-0.57638,-0.75844,1.428,3.1985,-0.43551,-2.4278,-0.090293,-0.75142,0.24192,2.0759
1.7195,0.17684,0.90174,-0.59513,0.31693,0.26693,0.27643,-0.46651,-0.32511,0.3485,0.15377
5.5681,4.4358,6.0571,7.699,14.182,-0.43551,-3.3292,-2.3208,-3.744,0.36394,1.7755
0.34938,0.27515,0.37747,-0.5394,-0.78744,-0.084293,0.87736,0.097818,0.42152,0.47339,-1.2878
0.41055,0.56475,0.63961,-0.77816,-0.75714,-0.084293,-3.9301,-3.2613,-2.613,-0.047876,-1.2878
-0.91064,-0.86997,-1.108,0.40767,-0.34045,-0.43551,-0.024037,1.4146,0.29505,-1.92,-1.5281
18.582,2.1044,9.9017,7.9138,8.4476,0.61815,-2.1273,-3.53,-4.7548,0.18904,3.4488
17.804,4.6789,11.649,5.5489,5.1954,-1.4892,-2.1273,-3.53,-5.2384,-0.056944,0.35971
1.4602,1.3937,1.7755,5.4761,5.1545,-1.138,-2.7282,-2.9926,-4.9781,-0.061491,2.6765
-0.12527,-0.32796,-0.32155,0.099543,-0.34271,-0.43551,0.27643,-1.0308,-1.1982,0.1182,-1.2878
7.726,1.0045,4.2221,10.606,6.61,-1.138,-2.1273,-3.1269,-5.2796,-0.69334,-0.026429
-0.7614,-0.41299,-0.67106,0.371,0.31117,0.26693,0.27643,-0.090293,0.22723,0.84863,0.15377
0.29311,0.090493,0.20272,-0.96539,-0.21915,0.26693,0.27643,0.097818,0.48861,0.53927,1.5953
2.9942,1.852,2.8241,0.67993,0.21491,-0.43551,-3.9301,-4.2019,-4.1451,-0.02088,1.5953
0.69925,0.6232,0.81437,1.3734,-0.08147,-0.78673,-3.9301,-4.4706,-4.6055,-0.19745,-1.2878
2.3336,0.91944,1.7755,0.371,0.31117,0.26693,0.27643,-0.090293,0.22723,0.84863,0.15377
2.0156,0.98453,1.6882,4.024,2.6389,-1.138,-3.9301,-3.9331,-5.0508,-0.3476,-0.32676
3.0823,0.51294,1.7755,0.89744,-0.30258,-0.78673,-3.9301,-2.7238,-3.3474,-0.1782,-0.32676
-0.22069,-0.70657,-0.67106,-1.2423,-0.41376,0.26693,-3.9301,-5.2768,-4.1904,-0.052405,-0.92741
3.0896,0.83176,2.0377,-4.5943,-0.93257,3.7791,-3.9301,-4.7393,0.010697,1.6889,-0.32676
-0.75406,-0.84738,-1.0206,0.45352,-0.0518,-0.084293,0.27643,-0.46651,-0.36022,0.49552,0.15377
-0.7565,-0.41564,-0.67106,0.57912,-0.38321,-0.43551,0.27643,-1.0308,-1.1982,0.49,0.15377
7.0507,3.7384,6.1444,-0.5394,-0.78744,-0.084293,-3.9301,-3.3957,-2.8377,-0.052405,-1.2878
0.32736,-0.35852,-0.1468,1.0175,-1.0937,-0.78673,-3.9301,-2.5895,-3.1708,-0.34242,-1.5281
-0.41642,-0.062277,-0.23417,0.72778,-0.43897,-0.78673,-3.9301,-4.605,-4.8341,-0.48728,-1.2878
16.279,1.4176,8.3289,1.0211,-0.045484,-0.78673,-3.9301,-4.7393,-5.0508,-0.32695,0.15377
1.2424,0.9739,1.3386,0.31186,-1.2963,-0.78673,-3.9301,-4.0675,-3.9579,-0.20714,-1.2878
0.90232,-0.13268,0.2901,0.60882,-0.4766,-0.084293,0.27643,2.167,1.2828,-1.8568,-0.32676
-0.24026,4.3614,3.4357,-0.84239,-0.029228,0.26693,0.27643,-0.090293,0.22723,0.17461,0.15377
-1.2997,-0.65875,-1.108,0.46797,-0.88241,-0.78673,0.27643,-1.219,-1.4874,0.11185,-1.2878
2.0694,-0.013125,0.90174,0.72778,0.004464,-0.78673,-0.024037,-1.219,-1.4686,0.33103,1.5953
1.2987,-0.24029,0.37747,0.42324,-0.27177,-0.084293,0.27643,-0.65463,-0.63488,0.67197,0.15377
-0.70512,-0.44354,-0.67106,0.99179,0.088603,-0.084293,-0.024037,1.9789,1.0652,-1.8278,-0.32676
1.4504,0.96859,1.426,0.82187,-0.5641,-0.78673,-3.9301,-4.3362,-4.3963,-0.19263,-1.2878
11.249,1.136,5.8823,1.4505,-0.61548,-1.138,-3.9301,-2.9926,-3.766,-0.34242,-1.5281
0.2613,-0.43025,-0.23417,0.44694,-0.92209,-0.78673,-0.024037,1.6027,0.52206,-1.8874,-0.32676
-0.18643,0.24326,0.11534,-0.24453,-0.018911,-0.084293,0.27643,-0.46651,-0.36022,0.52294,0.15377
-1.0012,0.14762,-0.32155,-0.21137,0.091743,-0.084293,0.27643,-0.2784,-0.072641,0.18698,1.5953
-0.99872,-0.71454,-1.0206,0.92269,-0.85284,-0.78673,0.27643,-1.219,-1.4874,0.28981,-1.2878
0.72616,-0.25224,0.11534,-3.6743,2.9832,4.4816,-3.9301,-0.65463,2.9619,1.5245,0.87455
3.2731,0.83973,2.125,-0.022216,-0.72474,-0.43551,-3.9301,-3.6644,-3.2835,-0.056944,-1.2878
2.1795,-0.072905,0.90174,1.2777,-0.58186,-0.78673,-3.9301,-2.7238,-3.3616,-0.19263,-1.5281
-0.13016,-0.43291,-0.40893,-0.97224,-1.2963,-0.084293,-3.9301,-2.9926,-2.1737,0.084161,-1.2878
-0.21031,0.25659,-0.064605,-1.6938,-1.0826,1.244,0.83137,0.97861,1.7721,0.51726,-0.71698
-0.040494,-0.10429,-0.064605,0.99687,-0.22775,-1.3476,-0.11337,0.97861,-0.17053,-2.2658,-0.95129
0.88891,1.7729,1.2429,2.4391,5.9543,-0.48377,-3.1838,-3.3616,-4.5033,0.14173,2.5633
0.68486,2.8863,1.4736,0.40859,1.653,0.3801,-3.1838,-3.019,-3.1481,-0.20013,0.68886
1.1877,2.4974,1.7043,0.59596,-1.1763,-1.3476,-3.1838,-1.8768,-2.674,-0.53051,-0.95129
0.33337,1.3672,0.7045,1.4352,0.95967,-1.3476,-0.11337,1.2984,0.29854,-2.2658,-0.95129
-0.15897,-0.53232,-0.29534,0.69727,0.23746,-1.3476,-0.11337,1.7781,1.0505,-2.0348,1.3918
-0.21295,0.94199,0.16613,-0.070064,0.028713,0.3801,0.359,0.019188,0.18248,0.34119,-0.71698
-0.37487,-1.4331,-0.7568,-0.19073,1.7507,0.3801,-3.1838,-2.3794,-1.786,0.53379,1.3918
2.1593,4.0585,2.9349,2.5516,-1.3899,-2.2115,-3.1838,-2.6763,-4.0381,-0.53051,-0.95129
-0.3617,0.35171,-0.14151,0.16176,-0.39872,0.3801,0.359,-0.14071,-0.077356,0.35285,0.68886
0.47687,2.4219,1.166,2.2935,-0.30188,-2.2115,-3.1838,-2.6763,-4.0381,-0.67781,-0.95129
-0.34459,-0.36447,-0.37225,-0.090364,-0.44217,-0.48377,0.12282,-0.46052,-0.60947,0.16665,0.68886
1.2628,2.5646,1.7812,2.3721,0.0089852,-2.2115,-3.1838,-2.7905,-4.2236,-0.66027,0.22025
-0.091834,0.0048118,-0.064605,-1.1528,-1.7665,0.3801,-3.1838,-2.0595,-1.1957,0.51173,-0.36552
0.066138,0.12231,0.089216,-0.99944,-0.99851,0.3801,0.59518,0.33899,0.70679,0.32947,-0.71698
1.917,3.2136,2.4734,23.984,62.111,1.244,-2.4752,-3.2474,-3.9867,0.52462,2.898
1.2141,1.7617,1.4736,2.5247,-1.1412,-2.2115,-3.1838,-4.1611,-5.3501,-0.53051,-0.71698
-0.30905,0.46641,-0.064605,0.30881,-0.39872,1.244,0.359,-0.14071,-0.043603,0.74657,0.68886
1.95,5.1831,3.1656,2.5271,1.4015,-2.2115,-3.1838,-2.4479,-3.632,-0.51415,0.22025
-0.45912,-0.80088,-0.60298,0.35717,2.0804,0.3801,0.12282,0.019188,0.21572,0.53928,0.68886
1.0442,1.2162,1.166,2.7962,-0.84665,-3.0754,-3.1838,-2.9047,-4.4271,-0.67781,-0.95129
-0.56838,0.11112,-0.37225,-0.16569,-0.45664,-0.48377,0.359,-0.14071,-0.094258,0.33533,-0.71698
5.6913,3.8039,5.396,4.8106,4.0259,-3.0754,-2.239,-2.3337,-4.9311,-1.2871,-0.36552
0.01348,0.0076093,0.012306,-1.2612,0.65529,1.244,0.59518,0.6588,1.2629,0.74142,2.0947
0.27808,-1.0079,-0.14151,0.86263,-0.39648,-1.3476,-0.11337,1.2984,0.29854,-2.2257,-0.95129
8.02,2.254,6.5497,2.7379,1.2118,-2.2115,-3.1838,-3.1332,-4.7973,-0.81778,0.22025
0.4479,0.67063,0.55068,0.67106,0.21443,-0.48377,0.12282,-0.62042,-0.88217,0.34119,-0.71698
-0.61051,-1.8388,-1.0644,-0.99944,-0.99851,0.3801,0.59518,0.33899,0.70679,0.32947,-0.71698
-0.61578,0.21183,-0.37225,-0.24068,1.1278,0.3801,0.359,0.019188,0.19911,0.1852,2.0947
-0.16687,-0.51553,-0.29534,-0.99944,-0.23049,1.244,0.59518,0.6588,1.2473,0.71551,-0.71698
-0.28535,-0.037151,-0.21842,2.0402,0.041267,-2.2115,-0.11337,-1.4199,-2.2249,-0.045954,-0.71698
4.6144,3.3731,4.4731,1.4999,2.078,1.244,-0.11337,-0.78033,-1.0337,0.79266,0.68886
1.3747,2.1002,1.7043,3.2496,0.074442,-3.0754,-3.1838,-3.1332,-4.8129,-0.67781,-0.95129
0.20041,0.96997,0.47377,1.4413,1.425,-1.3476,-3.1838,-4.0469,-5.1146,-0.6661,0.68886
-0.0971,0.69581,0.16613,0.72963,-0.27242,-1.3476,-3.1838,-3.4758,-4.0455,-0.37216,-0.71698
2.2725,2.0051,2.3196,3.0883,-0.13655,-3.0754,-3.1838,-3.2474,-4.9946,-0.8241,-0.95129
-0.019431,-0.60226,-0.21842,-0.46076,0.53597,0.3801,0.359,-0.14071,-0.077356,0.35285,0.68886
-0.209,-0.65261,-0.37225,-1.0463,-1.131,0.3801,0.59518,0.4989,0.97112,0.52278,-0.71698
1.2522,10.065,4.3193,3.0111,-0.63753,-3.0754,-0.34955,-1.6484,-3.5537,-0.67781,-1.1186
-0.015481,0.74896,0.24304,2.1454,0.57037,-2.2115,-3.1838,-2.6763,-4.0234,-0.64866,0.22025
0.87838,0.43563,0.78141,0.71573,-0.57193,-1.3476,-3.1838,-1.7626,-2.4821,-0.37216,-0.95129
-0.42358,-0.42321,-0.44916,-0.90704,-0.47626,0.3801,0.59518,0.33899,0.70679,0.34119,-0.71698
-0.29062,0.42724,-0.064605,1.2469,-0.7053,-1.3476,0.12282,-0.94023,-1.4236,0.14173,-0.71698
0.17277,1.0287,0.47377,-0.69422,-0.15081,0.3801,-3.1838,-4.5038,-4.3212,-0.070643,-0.36552
0.7283,0.75456,0.78141,2.1322,0.95755,2.1078,-3.1838,-1.8768,-2.5018,0.31182,1.3918
2.3817,-0.26655,1.6274,1.4034,0.80576,-1.3476,-3.1838,-2.5621,-3.8117,-0.6661,-0.95129
2.441,5.9524,3.7809,3.3894,0.47286,-3.0754,-0.58574,-1.7626,-3.718,-0.65445,-0.11448
0.49924,2.6009,1.2429,0.92316,0.76969,0.3801,-3.1838,-1.7626,-2.4166,-0.56916,1.3918
1.9394,1.1266,1.7812,2.7637,-0.97741,-3.0754,-3.1838,-3.019,-4.6185,-0.83681,-0.95129
0.3171,-1.0533,-0.51034,1.3711,2.3832,-0.57474,-0.01985,-0.61578,-1.0003,0.50656,0.53129
-0.87049,0.20607,-0.27837,-0.30075,1.3121,0.32329,-0.01985,-0.61578,-0.97717,-0.028282,1.7033
-0.94395,-0.85177,-0.97429,-1.7173,0.67918,2.1193,-3.2454,-1.4905,0.18148,1.0598,1.1173
-1.1766,-1.0487,-1.2063,-0.28537,0.92242,1.2213,0.47639,0.60878,1.4385,0.87849,0.53129
0.94762,0.32972,0.64953,0.8082,0.42961,-0.57474,0.22827,-0.44084,-0.69015,0.48909,-0.64068
-0.31955,-0.57701,-0.51034,1.4147,0.27613,-1.4728,-0.01985,1.8333,1.2407,-1.8219,0.14064
-1.8132,-0.94336,-1.4382,0.27616,0.70066,-0.57474,-0.01985,-0.96565,-1.7065,-0.063781,-0.64068
-0.42974,-0.49458,-0.51034,-0.59359,-0.5372,0.32329,0.47639,0.08397,0.3452,0.50656,0.53129
10.901,4.3825,7.8407,0.96486,-0.61163,-1.4728,-3.2454,-2.8025,-4.2027,-0.16901,-0.64068
18.321,2.1707,9.9285,2.4887,0.47292,-2.3708,-0.26797,-1.9278,-4.3784,-0.4966,-0.83601
0.24976,0.10991,0.18558,1.2231,-0.55696,-0.57474,0.22827,-0.79071,-1.3857,0.48909,-0.64068
-0.85825,-0.54495,-0.74231,-0.12287,0.12067,0.32329,0.47639,-0.090967,0.005501,0.32709,0.53129
3.0841,0.9571,2.0414,2.6169,7.0043,0.32329,-1.7567,-0.76156,-2.8959,-0.67069,0.69872
13.344,9.2321,12.016,4.556,3.9764,-3.2688,-2.5011,-1.6362,-4.5113,-0.41494,0.69872
8.367,5.9075,7.6087,2.8325,4.9761,0.32329,-0.51609,-0.61578,-1.6826,0.28857,2.0939
0.60481,0.21523,0.41755,-1.6455,0.0067081,1.2213,-3.2454,-2.1902,-1.3857,0.34554,1.1173
9.8362,10.372,11.088,-0.92266,-0.5372,0.32329,-3.2454,-1.782,-1.9717,-0.14522,0.53129
7.1611,7.1806,7.8407,0.42367,1.3535,0.32329,-3.2454,-1.9278,-2.2947,0.19182,0.53129
2.0679,3.572,3.2012,-0.7954,0.25394,1.2213,0.47639,0.43384,1.0728,0.35777,0.53129
12.542,18.735,17.584,0.29846,-1.2145,-0.57474,-3.2454,-2.0736,-2.6431,0.16579,-0.64068
9.4444,3.9887,6.9128,2.2523,7.1976,1.2213,-0.76421,-1.4905,-3.1727,0.020586,3.0706
0.87416,0.38467,0.64953,-0.76245,-0.5372,0.32329,0.47639,0.08397,0.3452,0.30229,-0.64068
-0.93171,0.6228,-0.046395,1.2042,-1.1918,-1.4728,0.22827,1.6584,0.78668,-2.3362,-1.8127
16.086,4.584,10.392,1.7388,-0.99478,-2.3708,-3.2454,-3.2398,-5.134,-0.33632,-0.64068
3.8737,4.8176,4.8251,3.3731,0.28451,-2.3708,-0.26797,-1.782,-4.1046,-0.29805,0.14064
5.2878,3.0179,4.3611,1.0012,0.3933,-1.4728,-0.01985,-0.47,-1.5967,0.037126,1.1173
8.9241,3.2651,6.2169,1.8834,-0.0050776,-1.4728,-0.01985,-0.76156,-2.157,0.0039379,-0.83601
2.1352,1.296,1.8094,2.1713,0.69729,-2.3708,-1.0123,-0.47,-3.08,-1.832,-0.97553
-0.25221,-0.25645,-0.27837,1.6045,-1.6489,-2.3708,-0.01985,0.95865,-0.46329,-2.2585,-1.8127
-0.74806,-0.25645,-0.51034,0.11221,-0.85669,-0.57474,0.47639,2.3581,2.0322,-2.2585,-1.8127
0.047748,-0.10991,-0.046395,-0.82769,0.00077451,0.32329,0.22827,0.08397,0.38865,0.17493,0.53129
7.7793,7.8308,8.5366,1.9107,-0.37447,-2.3708,-3.2454,-3.3856,-5.4248,-0.31073,0.53129
26.53,20.511,25.239,1.3734,-0.18457,-1.4728,-0.01985,-1.0531,-2.7136,-0.32349,-0.83601
0.66603,-0.2015,0.18558,-0.39772,-2.1689,-0.57474,0.72451,0.08397,0.32344,0.47739,-0.64068
0.26813,1.209,0.8815,-0.63181,0.050221,0.32329,0.22827,0.08397,0.38865,0.1684,0.53129
-1.1643,-0.68692,-0.97429,-0.51372,-0.047447,0.32329,0.22827,-0.090967,0.027575,0.14214,0.53129
7.8773,3.6773,5.9849,3.4001,-0.48988,-3.2688,-0.26797,-2.2194,-4.9619,-0.50356,-0.83601
8.1711,7.1668,8.3047,-0.41282,-0.5964,0.32329,-3.2454,-1.9278,-2.2947,-0.11582,0.53129
-1.1215,-1.0899,-1.2063,0.29846,-1.2145,-0.57474,0.47639,-0.2659,-0.36198,0.48325,-0.64068
13.203,7.1119,10.624,1.65,-1.4696,-2.3708,-0.01985,-1.1989,-3.0082,-0.33632,-0.83601
17.415,22.137,21.991,3.582,-0.43522,-2.3708,-0.26797,-1.782,-4.1046,-0.16304,-0.83601
26.738,13.308,20.831,2.676,-2.1689,-3.2688,-0.01985,-1.6362,-3.8564,-0.34276,-0.83601
57.664,25.411,42.869,3.4928,-0.12828,-3.2688,-0.26797,-1.9278,-4.4005,-0.32349,-0.83601
1.419,-0.39383,0.41755,0.15368,0.63484,0.32329,0.22827,-0.2659,-0.3171,0.71423,1.7033
7.1182,9.4382,9.2325,2.1606,0.42439,-2.3708,-0.26797,-1.3447,-3.2659,-0.13931,0.14064
1.0945,0.21981,0.64953,-0.56658,-0.48776,0.32329,0.47639,0.08397,0.3452,0.30851,-0.64068
20.653,19.715,21.991,4.7038,3.7911,-3.2688,-1.7567,-2.0736,-5.7208,-1.4365,1.5358
1.3578,1.5066,1.5774,1.8075,1.3629,-0.57474,-0.01985,-0.96565,-1.7065,0.49492,-0.64068
0.715,0.1328,0.41755,-1.1131,0.11408,1.2213,0.47639,0.43384,1.0728,0.54119,0.53129
50.086,4.3734,26.167,0.90734,-0.58382,-1.4728,-0.01985,-0.90734,-2.4234,-0.3299,-0.83601
8.3167,23.192,16.813,0.58786,-0.60655,-0.61775,-12.776,-2.4006,-2.5317,0.39896,-0.025098
27.882,52.078,42.096,1.5772,0.48252,-0.61775,-12.776,-2.662,-2.9862,0.41332,1.2298
-0.50973,-0.27514,-0.39329,-0.86389,-0.36874,0.34748,0.18516,1.7816,1.5757,-1.5438,-1.28
0.68552,0.60613,0.66016,0.23481,-0.23087,-0.61775,0.18516,-1.0414,-1.157,0.49414,-0.025098
1.2004,0.16939,0.66016,-1.0699,-0.76712,0.34748,1.111,-0.2572,0.18746,0.65522,-0.025098
1.6877,0.38776,1.0113,-0.3977,0.83137,0.34748,-12.776,-2.4006,-2.4986,0.15465,2.4847
32.424,33.697,34.019,2.6057,0.54982,-1.583,-1.6665,-1.355,-2.2693,0.26002,-0.23425
4.1242,5.2698,4.8739,1.0601,0.52365,-0.61775,-0.74066,-0.57087,-0.97906,0.40376,-0.23425
29.951,14.948,22.431,0.30836,0.21933,-0.61775,-12.776,-2.662,-3.0033,0.11639,-0.025098
6.864,6.1043,6.6297,-0.22174,-1.0855,-0.61775,-12.776,-2.2699,-2.2937,0.25488,-0.025098
7.7743,4.0688,5.9274,0.78269,-1.2204,-0.61775,0.18516,-0.70156,-1.2117,0.39896,-0.23425
0.27178,0.32537,0.30901,1.3501,0.12429,-1.583,-0.74066,-1.5119,-1.9598,0.49989,-0.025098
21.501,27.801,25.592,2.3238,1.1524,-0.61775,-1.6665,-1.2243,-2.0356,0.1438,0.81151
15.056,7.9994,11.546,0.12636,0.21933,0.34748,-12.776,-2.1392,-2.0436,0.40854,-0.025098
-0.65684,-0.78207,-0.74443,0.78269,-1.2204,-1.583,0.18516,1.1543,0.58958,-1.6107,-1.28
18.09,4.7941,11.195,2.3005,0.7194,-1.583,-12.776,-3.1847,-3.9628,0.13835,1.2298
1.3843,0.64512,1.0113,-0.41964,1.7162,1.3127,0.18516,0.056459,0.76622,0.99643,1.2298
-0.50053,-0.28294,-0.39329,0.41268,-0.20836,-0.61775,-0.74066,0.99745,0.35975,-1.4925,-1.28
5.4481,1.62,3.4693,-1.3941,0.22581,1.3127,-12.776,-1.7471,-1.3027,0.28044,1.2298
2.3221,-0.78207,0.66016,2.1199,-1.4914,-2.5482,-0.74066,-1.4857,-2.5069,0.10531,-0.23425
13.024,7.8278,10.492,0.57743,-0.16412,-0.61775,-0.74066,-0.83225,-1.4173,0.1219,-0.23425
1.7061,2.2673,2.0647,0.63628,-0.16412,-0.61775,-0.74066,0.99745,0.35975,-1.4492,-1.28
15.562,8.8339,12.248,1.0714,-0.68639,-1.583,-0.74066,-1.0936,-1.8529,0.1219,-0.23425
3.3059,2.8054,3.1182,2.9538,0.85448,1.3127,-1.6665,-1.2243,-1.94,0.75417,0.81151
-1.043,-0.45452,-0.74443,-0.49936,0.053772,0.34748,0.18516,-0.57087,-0.34045,0.50562,-0.025098
1.9175,2.7196,2.4159,-0.90342,0.0054841,1.3127,1.111,0.056459,0.73272,0.82641,-0.025098
1.3107,1.9709,1.7136,0.35383,-0.20836,-0.61775,-0.74066,-0.83225,-1.4173,0.11639,-0.23425
-1.1809,-0.96924,-1.0956,-1.8446,-0.17062,1.3127,0.18516,0.056459,0.76622,0.51703,1.2298
6.4135,7.1182,6.9808,-2.641,0.26965,2.278,-12.776,-3.3154,-2.2774,0.43705,1.8573
11.434,5.3868,8.3854,0.28162,-0.18661,-0.61775,-12.776,-2.2699,-2.2937,0.39896,-0.025098
-0.64764,-0.15816,-0.39329,-0.80807,-0.38715,0.34748,1.111,-0.41404,-0.083168,0.65522,-0.025098
1.2188,0.7855,1.0113,1.5168,-0.090224,-1.583,-0.74066,0.68379,-0.12724,-1.4925,-1.28
0.19823,-0.24395,-0.042138,0.23481,-0.23087,-0.61775,0.18516,-1.0414,-1.157,0.49414,-0.025098
10.027,3.4215,6.6297,6.2554,21.446,-0.61775,-10.925,-0.57087,-1.3714,0.6957,0.51272
1.6233,1.7058,1.7136,1.4684,3.7102,2.278,-3.5181,0.99745,0.63181,-0.30112,1.8573
-0.53731,-0.88345,-0.74443,-0.22174,-1.0855,-0.61775,0.18516,-0.7277,-0.62009,0.49414,-0.025098
12.785,8.0306,10.492,2.1199,-1.4914,-2.5482,-12.776,-3.1847,-3.9813,0.10531,-0.025098
-1.0338,-1.094,-1.0956,0.45498,-0.4511,-0.61775,0.18516,1.6248,1.3262,-1.5438,-1.28
-0.57409,-0.22055,-0.39329,0.21529,0.21933,0.34748,0.18516,-0.57087,-0.34045,0.82139,-0.025098
-0.50053,-0.28294,-0.39329,-1.148,-0.76712,0.34748,0.18516,-0.2572,0.20477,0.51133,1.2298
6.8916,22.505,15.759,-0.084927,0.99193,1.3127,-12.776,-1.8778,-1.5404,0.56549,1.2298
-0.8775,-0.5949,-0.74443,-2.0089,-0.96153,1.3127,2.0368,0.52695,1.5277,0.98226,-0.025098
-0.99702,-0.49351,-0.74443,0.23481,-0.23087,-0.61775,0.18516,-1.0414,-1.157,0.49414,-0.025098
8.6661,4.5757,6.6297,1.0538,1.0294,1.3127,-0.74066,-0.30948,-0.495,0.70835,0.81151
-0.58328,-0.84446,-0.74443,1.3364,0.93272,0.34748,-0.74066,-1.0414,-1.1194,0.83642,1.2298
-1.089,-1.0472,-1.0956,-0.013617,-0.49535,-0.61775,0.18516,1.6248,1.31,-1.5438,-1.28
8.8868,5.652,7.332,-1.0117,-0.39921,0.34748,-12.776,-1.7471,-1.3332,0.54758,-0.025098
1.6325,0.43455,1.0113,1.3475,3.4444,1.3127,-12.776,-2.7927,-3.0462,0.9451,2.4847
0.52922,0.107,0.30901,-0.34797,0.45971,0.34748,0.18516,-0.7277,-0.6019,0.51703,1.2298
-0.0040455,-0.70408,-0.39329,1.2711,0.60814,-0.61775,-0.74066,-1.355,-1.6744,0.67661,1.2298
0.12764,7.3967,1.8616,1.8866,3.5593,0,-0.28104,-0.3752,-1.2242,-0.232,0.060342
-0.32136,-0.42547,-0.3623,-0.36839,-0.69245,0,0.5706,0.46876,0.83546,0.48904,-0.50537
1.6171,3.1537,2.0638,-0.41683,12.264,10,-2.6231,-0.7369,0.64018,1.5833,0.62605
0.74124,7.6802,2.4277,1.7004,6.7732,0,-2.1972,-1.3397,-1.8599,1.2945,1.0032
-0.067687,2.1098,0.4464,7.8717,19.34,-3,-1.7714,-0.7369,-2.6304,-1.0975,-1.1519
-0.37787,0.10805,-0.28143,-0.60625,2.4841,1,-2.6231,-1.8461,-1.3413,0.81682,1.4746
-0.51975,-1.2783,-0.72621,-1.1148,-0.32205,1,0.35769,0.46876,0.88434,0.33642,0.62605
1.5674,2.9836,1.9829,2.4026,4.7019,3,-1.5585,-1.2192,-1.9297,0.068934,0.060342
-0.46202,-0.96529,-0.60491,0.20315,-0.29055,-1,0.14478,-0.39932,-0.73733,0.094157,0.62605
-0.3232,-0.75944,-0.44317,0.33701,0.34804,1,0.35769,0.1794,0.35559,0.72431,0.62605
0.19336,1.047,0.40597,0.98324,-0.77929,0,0.35769,-0.25464,-0.46151,0.48904,-0.50537
-0.15245,1.2087,0.16336,0.56149,-0.84078,-1,0.35769,-0.25464,-0.49683,0.26421,-1.6368
-0.41595,-0.44227,-0.44317,-0.83076,0.79302,1,0.35769,0.034723,0.11044,-0.1224,0.62605
4.4775,10.726,6.1882,2.0243,3.8338,-1,-0.49395,-0.61633,-1.6297,0.034996,1.0032
-0.26669,-0.102,-0.24099,-0.15176,0.78383,0,0.35769,-0.10996,-0.19036,0.32992,0.62605
1.388,4.4476,2.1851,6.4627,34.444,6,-1.5585,-0.7369,-0.77867,1.5871,0.060342
4.4677,2.4228,4.2069,3.086,0.38149,-1,-0.068131,-1.2674,-2.2658,0.31034,-0.50537
-0.26977,-0.091496,-0.24099,0.252,0.13259,-1,0.35769,-0.25464,-0.47916,0.29722,0.62605
2.7841,7.1593,3.9643,5.8751,14.135,-3,-1.9843,-0.85747,-2.7534,-0.45106,-1.1519
-0.32197,0.087043,-0.24099,-1.3936,-1.01,1,0.5706,0.75812,1.3974,0.31034,-0.50537
-0.050489,0.17946,0.0016174,0.076536,-0.19686,0,0.35769,0.034723,0.05926,0.51386,0.62605
4.625,8.3503,5.7434,2.863,3.3816,-3,-1.1327,-2.4248,-4.5048,-1.401,-0.88251
-0.0855,-0.21122,-0.11969,1.5007,-0.58115,-2,0.14478,-0.83335,-1.5576,0.05201,-1.6368
2.5507,5.2353,3.3173,1.5924,4.5637,2,-1.3456,-0.85747,-1.5235,1.4313,0.060342
0.024446,-0.41707,-0.079253,-1.7988,0.28018,2,-2.6231,-1.4121,-0.46151,0.27745,0.060342
-0.37603,-0.40867,-0.40273,-0.8319,-1.1858,0,0.5706,0.32408,0.58066,0.059072,-0.50537
-0.4006,2.0573,0.16336,1.6506,3.0687,1,-2.6231,-2.1837,-2.8775,0.66654,0.62605
-0.35699,-0.64392,-0.44317,0.41692,2.4528,1,-2.6231,-1.9908,-1.6526,0.71845,1.4746
1.2793,1.4166,1.3764,2.718,1.5096,-3,-1.5585,-0.85747,-2.9526,-1.5629,-0.34374
-0.4006,-1.1753,-0.60491,-0.57437,-0.56131,0,0.35769,0.1794,0.32199,0.30378,0.62605
-0.50317,-1.1648,-0.68578,-0.075426,-0.63069,0,0.5706,0.1794,0.30516,0.073152,-0.50537
1.6988,19.378,5.986,2.77,26.017,9,-2.6231,-1.9426,-1.202,1.5756,1.7575
1.178,3.4646,1.7808,1.0433,11.41,6,-1.3456,-0.7369,-0.38056,1.5947,1.946
1.2044,2.3534,1.5381,-0.36827,0.094449,0,0.35769,0.034723,0.05926,0.30378,0.62605
-0.38954,0.31809,-0.24099,-0.77829,1.034,1,0.35769,0.32408,0.63027,0.57519,0.62605
0.11474,1.486,0.4464,1.3626,2.1185,0,-0.70686,-0.7369,-1.729,0.50643,0.060342
1.8432,4.0821,2.4682,7.4092,21.67,-3,-1.9843,-0.61633,-2.2996,-0.71892,-1.1519
1.9046,13.06,4.6516,2.2872,-1.7473,-3,-0.068131,-1.0986,-2.6222,-0.84089,-0.88251
0.86839,7.0753,2.3873,1.5812,-1.6643,-3,0.14478,-0.85747,-2.2042,-0.68203,-1.8254
7.1992,8.7347,7.9269,2.6946,12.852,3,-1.3456,-1.0986,-1.4782,0.45651,1.946
0.35367,2.8807,0.97206,2.9082,6.0233,-2,-1.1327,-1.822,-3.36,0.34939,0.060342
0.67368,3.828,1.4573,1.6335,6.4014,6,-0.70686,-0.25464,-0.25467,2.0651,1.0032
-0.5345,-1.0577,-0.68578,0.12163,-1.4553,0,0.5706,2.2049,1.8654,-2.5682,-0.88251
1.4451,1.8703,1.619,0.37893,-2.5625,-2,-2.6231,-1.7014,-2.1963,-0.3074,-1.6368
0.85364,4.4035,1.7403,-0.33819,0.083274,0,-2.6231,-1.4603,-1.6831,-0.21962,0.62605
-0.096556,-0.34355,-0.16012,0.076536,-0.19686,0,0.35769,0.034723,0.05926,0.51386,0.62605
1.2885,8.5309,3.0747,4.435,8.0756,-2,-1.3456,-1.2192,-3.3859,-0.50521,1.2726
0.36472,0.97134,0.52727,1.0272,0.8379,-2,0.14478,1.7709,1.2626,-2.2917,0.060342
-0.36681,-0.61031,-0.44317,0.90565,-1.2251,-1,0.35769,0.10706,-0.48622,-0.10451,-1.8254
-0.03022,0.7907,0.16336,0.25023,-0.87929,-1,0.35769,1.6262,0.91685,-2.8701,-2.7682
-0.70343,-0.67363,-0.72566,0.35239,-0.67302,-0.64002,3.1693,1.6638,0.47045,-0.25173,-1.2315
1.004,-0.0086432,0.55412,0.38048,0.39339,0.2489,-0.341,-0.13049,-0.13914,0.3566,1.0547
-0.67951,-0.15772,-0.45623,0.050788,-0.16969,-0.34371,-0.341,-0.61985,-0.83621,-0.62908,-0.00050246
-0.021151,0.099675,0.03772,-0.043395,-0.30447,-0.34371,-0.341,-0.45673,-0.63198,-0.65702,-1.0557
-0.061022,0.55138,0.23979,-0.062819,0.76442,-0.047409,0.66193,0.52198,0.034194,-2.2222,0.52709
0.72442,1.797,1.295,1.8994,1.8418,-1.2326,0.91267,0.35886,-1.5235,-2.1834,0.15024
0.67309,1.538,1.1379,0.87562,-0.81122,-1.2326,2.6678,0.35886,-1.0079,-1.4569,-1.2315
-0.32815,-0.68703,-0.52359,0.10369,0.15,-0.34371,-0.341,-0.45673,-0.60408,0.27319,1.0547
-0.44228,-0.10691,-0.29906,0.62124,-0.28165,-0.64002,-0.341,-0.94609,-1.2555,-0.26479,-1.0557
-0.73433,-0.72946,-0.77056,-0.41172,-0.27932,0.2489,-0.341,-1.7617,-0.65995,0.91311,-0.79188
-0.35008,0.96567,0.28469,0.91039,1.6906,0.2489,2.1663,1.1745,0.12657,0.36843,0.52709
0.4553,-0.2532,0.12753,-0.31274,-0.18462,-0.047409,-0.341,0.35886,0.40625,0.58925,1.0547
-0.51853,0.20464,-0.1868,0.32561,-0.4964,-0.34371,-0.341,-0.45673,-0.63198,0.12766,-1.0557
-0.60675,-0.51059,-0.59094,-0.065408,-0.43475,-0.34371,-0.341,-0.29361,-0.43112,-0.25173,-1.0557
-0.7433,-0.53851,-0.68075,0.49449,-0.23973,-0.34371,2.9185,1.5007,0.30936,-0.55984,0.52709
0.031179,1.3978,0.71129,0.10919,-0.69605,-0.64002,-0.341,-0.45673,-0.64596,-0.26479,-1.0557
-0.86989,-0.53237,-0.74811,0.0060042,-0.08536,-0.34371,-0.341,-0.29361,-0.41739,0.20084,1.0547
-0.27283,1.1053,0.39696,-0.31274,-0.18462,-0.047409,-0.341,0.35886,0.40625,0.58925,1.0547
-0.45026,-0.41456,-0.45623,0.60298,-0.44003,-0.64002,2.9185,1.3376,0.10683,-0.26479,-1.2315
-0.23396,-0.24985,-0.25416,-0.27145,0.14174,0.2489,-0.341,0.35886,0.4448,-0.42386,1.0547
-0.67851,-0.56587,-0.6583,0.13114,-0.59548,-0.34371,3.1693,1.99,0.84931,0.16435,-0.35223
-0.23446,-0.47542,-0.36642,0.42873,-0.91515,-0.93632,3.1693,1.3376,0.093652,-0.68509,-1.2315
-0.75975,-0.65576,-0.74811,-0.34417,0.047005,0.2489,-0.341,0.19574,0.23133,-0.49145,1.0547
-0.5275,0.44082,-0.074541,0.16318,-0.55505,-0.64002,3.1693,1.8269,0.65489,-0.64303,-1.2315
3.4984,3.8903,3.877,3.9708,4.1022,-0.93632,1.1634,0.52198,-1.426,-3.2797,-0.60346
1.5253,0.13094,0.91336,-0.13554,-0.52099,-0.34371,-0.341,0.032624,-0.025539,0.12766,-1.0557
-0.13378,-0.09072,-0.11945,-0.093641,-0.43475,-0.34371,-0.341,-0.29361,-0.43112,-0.65702,-1.0557
-0.066005,0.19515,0.060172,0.69688,-0.44003,-0.93632,2.6678,0.52198,-0.81492,-1.0339,-1.2315
-0.60974,-0.14544,-0.41132,0.015596,-0.46532,-0.34371,3.1693,1.99,0.84931,-0.64303,-1.2315
-0.95711,-0.29898,-0.68075,0.37065,-0.41386,-0.64002,2.9185,1.1745,-0.072192,-0.98903,-0.35223
-0.017164,-0.35705,-0.1868,0.28839,0.63341,0.2489,-0.341,0.19574,0.2704,0.98909,1.0547
-0.4368,-0.42963,-0.45623,-0.31036,-0.25881,-0.047409,-0.341,0.032624,0.0010433,-0.21271,-0.00050246
1.7277,2.1655,2.036,1.2763,1.7939,-0.64002,1.4141,-0.78297,-1.7904,1.0429,0.52709
-0.75626,-0.7049,-0.77056,-0.15995,-0.43475,-0.34371,-0.341,-0.29361,-0.40367,-1.0039,-0.00050246
0.26442,0.72949,0.50922,0.1692,-0.28119,0.2489,3.1693,2.4794,1.4525,-0.071759,1.4064
-0.81856,-0.4542,-0.68075,0.18486,-0.33041,-0.34371,-0.341,-0.45673,-0.63198,0.16435,-0.00050246
1.4491,0.26159,0.93581,0.60138,-0.39662,-0.93632,-0.341,-1.2723,-1.6752,-0.65702,-1.0557
-0.56787,-0.41847,-0.52359,-0.8571,-0.56891,0.5452,-0.341,1.6638,2.0426,0.53184,-1.0557
0.0017742,-0.51394,-0.25416,0.17674,-0.46938,-0.64002,-0.341,-0.61985,-0.85043,-0.64303,-1.0557
-0.837,-0.43354,-0.68075,0.40432,-0.77067,-0.64002,-0.341,-0.78297,-1.0584,-0.27789,-1.0557
0.10295,-0.17503,-0.029637,0.13902,-0.18822,-0.34371,2.9185,1.6638,0.49604,-0.19976,-0.35223
-0.90029,-0.86012,-0.92773,0.13196,-0.38505,-0.34371,-0.341,-0.29361,-0.43112,0.13991,-1.0557
0.11142,0.62954,0.3745,0.25561,-0.52578,-0.64002,3.1693,1.8269,0.65489,-0.25173,-1.2315
-0.23695,0.16053,-0.052089,0.61912,-0.52954,-0.93632,2.9185,1.1745,-0.085553,-0.67104,-1.2315
-0.85295,-0.68703,-0.81546,-0.44717,-0.28574,0.2489,-0.341,0.6851,0.82438,-0.17394,1.0547
0.1473,-0.22472,-0.029637,0.85689,-0.91515,-1.2326,2.9185,0.52198,-0.82911,-1.0792,-1.2315
-0.31519,-0.43019,-0.38887,0.65134,-0.14656,-0.64002,2.6678,1.0113,-0.24022,-0.19976,-0.35223
1.1211,0.76466,1.0032,-0.37403,0.11798,0.2489,-0.341,0.032624,0.027571,-0.14823,-0.00050246
-0.47218,-0.57089,-0.54604,0.13196,-0.38505,-0.34371,-0.341,-0.29361,-0.43112,0.13991,-1.0557
0.16126,-0.33081,-0.074541,-2.3918,1.8401,4.3972,-0.341,-1.7617,2.5328,2.8702,1.4064
-0.56175,-0.62884,-0.62335,0.10351,-0.52452,-0.43764,-0.99471,-1.1888,-0.79471,-0.36073,-0.81412
-0.51603,-0.50603,-0.52646,-0.15735,-0.38375,-0.31607,-0.99471,-1.0634,-0.69777,-0.45685,0.21703
3.6028,2.0496,2.7195,2.766,2.7934,-0.68077,-0.4872,-1.9412,-1.4531,0.16056,1.1009
-0.4811,-0.52707,-0.52646,0.08129,-0.53783,-0.43764,1.2045,0.5668,-0.17234,-0.36073,-0.98597
-0.48778,-0.5481,-0.54261,-0.89733,-0.58048,0.048626,-0.99471,-1.3142,-0.13947,-0.0041273,-0.55633
-0.57022,-0.49846,-0.54261,-0.30591,-0.44787,-0.19451,-0.99471,-0.43639,-0.24475,-0.11561,-0.81412
-0.31443,-0.30173,-0.31652,-0.23384,-0.44068,-0.07294,-0.99471,-0.43639,-0.23262,-0.19497,1.2482
-0.48804,-0.44773,-0.47801,-0.54821,-0.59671,-0.19451,1.3736,1.8208,0.64823,-0.34805,-0.12668
0.30399,-0.47371,-0.18733,0.97991,1.6987,0.048626,0.18947,0.8176,0.18765,0.34077,1.5919
-0.54916,-0.57378,-0.58298,-0.16661,-0.34185,-0.19451,1.2045,1.3192,0.32676,-0.2222,-0.12668
-0.49728,-0.45469,-0.48609,-0.19678,-0.47114,-0.31607,-0.99471,-3.5964,-1.778,-0.692,-0.81412
-0.23019,-0.11443,-0.16311,-0.36981,-0.30153,-0.07294,-0.99471,-0.060192,0.036538,-0.10454,0.21703
-0.44746,-0.37194,-0.41342,-0.1631,-0.55735,-0.31607,-0.99471,-2.5431,-1.3428,-0.692,-0.98597
-0.42846,-0.27064,-0.34074,-0.011524,-0.50709,-0.43764,-0.99471,-2.9945,-1.7037,-0.86822,-0.98597
-0.57022,-0.4734,-0.52646,-0.10319,-0.61536,-0.43764,1.2045,0.6922,-0.091997,-0.47952,-0.98597
-0.3021,-0.23398,-0.26807,0.18752,-0.36017,-0.43764,0.69697,0.065207,-0.46796,-0.23005,0.73261
-0.42127,0.38899,0.087205,0.033656,-0.50709,-0.43764,-0.99471,-2.9945,-1.7083,-0.87501,-0.98597
-0.67757,-0.59667,-0.64758,-0.45706,-0.51025,-0.19451,-0.99471,-3.2202,-1.4388,-0.60929,-0.81412
-0.22043,-0.208,-0.21963,1.5415,1.5113,-0.5592,0.0203,0.943,-0.3089,-1.1988,-1.1087
0.54155,1.4879,1.1692,0.75807,0.51143,-0.31607,-0.99471,-2.6936,-1.8394,-0.25471,2.0215
-0.33857,-0.55027,-0.48609,0.66128,1.0567,0.89959,-0.99471,-2.6183,-1.2489,0.31976,1.8374
-0.46698,-0.43535,-0.46186,-0.13646,-0.60008,-0.31607,-0.99471,-2.6183,-1.4044,-0.78331,-0.98597
-0.52656,-0.42453,-0.47801,-0.57578,-0.43989,-0.07294,-0.99471,-3.2202,-1.4345,-0.68613,0.21703
-0.55558,-0.55738,-0.57491,-0.29291,-0.52593,-0.31607,-0.99471,-2.6183,-1.3959,-0.86484,-0.12668
-0.34576,-0.39561,-0.38919,0.1898,-0.19282,0.17019,1.0353,1.0684,0.23811,0.2955,0.73261
-0.39507,-0.040193,-0.17925,0.27997,-0.43867,-0.43764,1.0353,0.19061,-0.41441,-0.47041,-0.98597
-0.57176,-0.45995,-0.51838,0.24261,-0.48661,-0.5592,1.0353,0.065207,-0.49972,-0.47496,-0.98597
1.2424,0.80271,0.99963,-0.59353,-0.26714,0.17019,-0.99471,0.4414,0.41142,-0.064481,2.2793
-0.49215,-0.50789,-0.51838,-0.16794,-0.48746,-0.31607,-0.99471,-2.6936,-1.4626,-0.86822,-0.98597
-0.30801,-0.48098,-0.42956,-0.25524,-0.49286,-0.31607,-0.99471,-2.6936,-1.4583,-0.87161,-0.98597
0.10624,-0.40473,-0.21963,0.1179,-0.56127,-0.43764,1.2045,0.31601,-0.33663,-0.47496,-0.98597
-0.06326,0.36131,0.20832,0.015846,-0.47218,-0.43764,-0.99471,-1.3142,-0.88672,-0.47952,-0.81412
-0.53915,-0.50464,-0.53453,-0.76903,-0.57502,0.048626,-0.99471,-1.4396,-0.24475,0.1148,-0.55633
-0.55096,-0.52258,-0.55068,-0.33492,-0.51657,-0.19451,-0.99471,-3.446,-1.6399,-0.59826,0.21703
1.6903,2.6501,2.3642,4.8283,4.3997,-0.43764,-0.99471,-2.8441,-1.9456,-0.61484,0.73261
1.1864,1.8136,1.6294,-2.7847,-0.64939,4.425,-0.99471,-1.1888,4.1272,4.3997,0.73261
-0.66345,-0.55506,-0.61528,-0.43954,-0.44878,-0.07294,-0.99471,-3.2202,-1.4345,-0.50769,0.21703
-0.61619,-0.54594,-0.59105,-0.81982,0.81163,1.2643,-0.99471,0.8176,1.0335,0.85582,1.2482
0.24004,0.44173,0.37789,2.5797,3.1594,-0.19451,-0.99471,-2.1669,-1.5392,-0.2928,1.3771
-0.57484,-0.55831,-0.58298,-0.14483,-0.45343,-0.31607,1.2045,0.6922,-0.086091,-0.47041,-0.98597
-0.29825,-0.48686,-0.42956,-0.11365,-0.64939,-0.43764,-0.99471,-3.7469,-1.9163,-0.78963,-0.81412
-0.61028,-0.47433,-0.54261,-0.15594,-0.5529,-0.19451,-0.99471,-2.4679,-1.2779,-0.60653,-0.98597
2.7602,3.9727,3.6319,3.8529,1.0159,-0.9239,-0.4872,-2.6936,-2.4829,-0.94523,2.3731
-0.55507,-0.52011,-0.55068,0.20357,-0.54292,-0.43764,-0.99471,-2.0917,-1.3895,-0.78016,-1.1087
-0.66268,-0.50542,-0.58298,-0.29165,-0.4974,-0.31607,-0.99471,-3.5212,-1.7106,-0.69494,-0.81412
-0.56894,-0.56187,-0.58298,-0.05675,-0.24937,-0.07294,-0.99471,-3.5212,-1.6923,-0.50769,0.21703
-0.59333,-0.5597,-0.59105,-0.50964,-0.51614,-0.19451,-0.99471,-3.2202,-1.4388,-0.60653,-0.81412
1.9556,3.4174,2.9617,1.3884,2.4123,0.048626,0.0203,0.5668,0.062477,0.34376,0.73261
-0.59051,-0.23569,-0.38112,1.3224,0.91663,-0.43764,-0.99471,-3.0698,-2.0172,-0.12633,2.0215
-0.47083,-0.44556,-0.46994,-0.26722,-0.47515,-0.19451,-0.99471,-2.3926,-1.218,-0.60376,-0.98597
1.9225,1.3946,1.7593,1.5096,0.92429,-0.42762,-12.073,-4.7932,-5.2131,0.45798,0.73675
1.2087,0.02564,0.65628,1.9661,-1.3802,-2.2094,-1.1636,-0.47848,-1.4109,-0.88296,-0.93768
-0.7759,-1.1082,-0.9982,1.6568,4.3854,-0.42762,-12.073,-4.7932,-5.1994,0.36873,2.4112
-0.33098,-1.0341,-0.72246,-1.1753,-1.4065,1.3541,1.5636,2.1219,2.3993,-0.8209,-0.93768
0.55568,-0.3609,0.10478,0.67745,-0.9553,-0.42762,-0.25455,0.56169,0.11689,-0.88296,-0.93768
0.6133,1.1466,0.93202,1.6133,0.37516,-1.3185,-1.1636,0.041607,-0.62909,-0.8209,-0.93768
4.3776,0.7504,2.7244,1.9839,2.7053,-1.3185,-12.073,-4.6006,-5.7639,-0.15915,1.9328
0.49486,-0.038782,0.24266,1.7587,0.37516,0.46325,-12.073,-4.8896,-5.3728,0.57394,2.4112
-0.81431,0.23501,-0.30884,-0.64749,0.20808,0.46325,0.65455,-0.8252,-0.15053,1.2196,1.0716
-0.24135,-0.34157,-0.30884,-0.0052043,1.2187,0.46325,-0.25455,-1.3453,-0.98983,1.2296,1.0716
19.272,10.027,15.547,7.2902,16.973,-1.3185,-10.255,-3.8301,-5.735,0.14696,4.0856
-0.85913,-0.76354,-0.86033,-0.5906,0.055833,0.46325,0.65455,1.4285,1.3867,-0.8209,-0.93768
-0.65747,0.077178,-0.30884,-1.2205,-0.90444,1.3541,1.5636,-0.47848,0.41747,1.2246,1.0716
-0.93275,-0.95036,-0.9982,-0.51852,0.63083,0.46325,-0.25455,1.2551,1.147,-0.73313,-0.93768
-1.1824,-1.2209,-1.2739,-0.057919,-0.88544,-0.42762,-0.25455,0.90841,0.62113,-0.8209,-0.93768
-1.1792,-0.70234,-0.9982,-0.3468,-0.74394,0.46325,0.65455,-1.1719,-0.71852,1.0755,1.0716
-0.014084,0.47338,0.24266,-0.81558,0.3508,0.46325,0.65455,-0.99856,-0.43208,1.0808,1.0716
1.2055,0.55069,0.93202,2.7036,2.8159,-2.2094,-12.073,-4.1191,-5.6559,-0.26881,2.8298
1.1094,-0.13542,0.5184,0.965,1.3396,-0.42762,-1.1636,0.38833,-0.12168,-0.77328,-0.93768
0.45965,0.51847,0.5184,0.31259,0.55155,-0.42762,-0.25455,-1.5186,-1.2865,1.0702,1.0716
-1.0128,-0.34801,-0.72246,0.24091,0.30289,-0.42762,-0.25455,0.56169,0.11689,-0.77328,-0.93768
1.3975,1.662,1.6214,-0.67597,0.1712,0.46325,-0.25455,1.0818,0.90415,-0.66579,0.73675
22.719,18.56,21.889,2.2274,-0.6929,-2.2094,-12.073,-4.2154,-5.2684,0.24734,0.49755
2.6939,3.2275,3.138,-0.73372,0.8964,0.46325,-12.073,-5.66,-5.6416,0.36069,3.081
0.84376,-0.12897,0.38053,2.377,3.2698,0.46325,-12.073,-4.9859,-5.5347,0.57743,2.4112
2.8123,1.5428,2.3108,4.3596,19.417,-1.3185,-12.073,-4.9859,-6.0275,0.81138,4.8032
-0.38859,0.85025,0.24266,0.40547,0.39215,-0.42762,-12.073,-4.5043,-4.6937,0.46174,0.73675
1.2983,0.9791,1.2078,0.65329,1.6216,-0.42762,-1.1636,-0.13175,-0.87874,-0.8209,-0.93768
0.15236,0.044967,0.10478,-1.1527,-1.3386,1.3541,1.5636,-0.47848,0.41747,1.3691,1.0716
1.5032,2.3384,2.035,6.6608,22.749,-1.3185,-12.073,-3.8301,-5.1856,0.43904,4.0856
15.818,4.11,10.583,0.88924,1.3396,-0.42762,-12.073,-4.6969,-5.042,0.47669,2.4112
-0.54864,-0.55416,-0.58458,0.97913,1.8562,-1.3185,-1.1636,0.56169,0.19253,-0.53587,0.73675
2.4698,0.061073,1.3456,2.0172,-2.0044,-2.2094,-12.073,-5.2748,-6.1392,0.23855,0.73675
-0.69588,-0.92782,-0.86033,0.67745,-0.9553,-0.42762,-0.25455,0.56169,0.11689,-0.88296,-0.93768
1.772,2.5897,2.3108,-0.010152,2.149,0.46325,-12.073,-4.6969,-5.0284,0.36873,2.4112
2.4634,1.633,2.1729,0.073441,-0.54316,-0.42762,-0.25455,0.56169,0.11689,-0.88296,-0.93768
3.4589,18.112,11.41,2.0523,5.6152,-1.3185,-12.073,-4.6969,-5.7278,0.63226,4.8032
1.151,-0.17729,0.5184,0.8177,-2.0044,-1.3185,-12.073,-4.7932,-5.2408,0.34449,0.73675
0.014724,-0.077436,-0.03309,0.25184,1.3427,0.46325,-0.25455,-1.3453,-0.98983,1.2246,1.0716
-1.2208,-0.66046,-0.9982,2.0701,-1.3591,-2.2094,-12.073,-5.3711,-6.3128,0.13741,0.73675
23.334,17.159,21.475,9.6777,27.357,-1.3185,-9.3454,-4.0227,-5.7494,0.86536,5.7601
-0.80151,-0.82152,-0.86033,-2.4308,-0.91852,2.245,2.4727,0.38833,1.8397,1.3691,1.0716
-1.1344,-1.2693,-1.2739,-0.06821,-0.67298,-0.42762,-0.25455,-1.5186,-1.2865,1.0755,1.0716
0.23239,0.74718,0.5184,0.51852,2.1531,0.46325,-12.073,-4.6006,-4.8466,0.41598,5.7601
1.4231,2.158,1.8971,-0.21047,-2.0044,-0.42762,-12.073,-5.66,-5.6702,0.45044,1.0716
3.4653,2.1902,3.0001,-0.28619,1.206,0.46325,-12.073,-4.5043,-4.6674,0.25608,0.73675
1.1318,2.7121,2.035,1.295,0.67929,-1.3185,-1.1636,-0.13175,-0.89888,-0.8209,-0.93768
3.1164,3.0632,3.2759,0.11856,0.70773,-0.42762,-12.073,-5.8527,-6.0646,0.35666,1.0716
3.2125,4.0102,3.8274,0.99144,2.4747,0.46325,-12.073,-4.5043,-4.6674,0.56694,0.73675
0.93659,4.2131,2.7244,1.939,-1.423,-1.3185,-12.073,-4.0227,-4.9405,0.24734,0.49755
0.73009,-0.63923,-0.1238,-0.67687,0.41829,0.52534,-3.2326,-1.5379,-0.54389,0.79755,0.69755
0.82438,0.86436,1.0017,-0.86932,-1.3035,0.52534,-3.2326,-2.0316,-1.3745,-0.71196,0.022502
10.37,34.831,29.842,4.8869,16.193,6.154,-2.2589,-1.4145,-1.3658,3.4736,1.5414
-1.3405,-0.87816,-1.2493,28.752,100.61,-1.9763,-3.2326,-4.1916,-4.4365,-0.64277,0.69755
0.054989,0.37925,0.29825,7.6551,20.64,4.2778,-2.0155,-1.3116,-1.3005,3.2378,2.3852
1.0186,4.5521,3.745,3.0913,15.374,-0.10007,-3.2326,-2.3402,-2.3037,0.66611,1.8226
0.27562,-0.25066,-0.053459,-1.1623,-0.87513,0.52534,0.6621,0.91007,1.0845,0.20712,0.022502
0.088933,0.25979,0.22791,6.1644,8.0282,-1.9763,-2.0155,-2.5459,-3.9991,-1.4169,2.3852
-0.43343,-0.18791,-0.33482,-0.41182,0.63801,0.52534,0.41868,0.76607,0.92007,0.54622,0.022502
-0.91053,-0.76232,-0.96789,1.741,5.1842,-0.10007,-3.2326,-2.5459,-2.4883,1.3207,1.8226
-0.58617,-0.5789,-0.68653,1.9977,-0.63085,-1.3509,-3.2326,-3.3687,-3.3004,-0.98477,-1.3276
0.17568,0.98624,0.79063,-1.1477,0.68371,1.1507,0.41868,0.47807,0.58448,-0.075791,1.3726
-1.1595,-0.79852,-1.1086,2.5345,15.719,3.6524,-3.2326,-2.1345,-1.78,2.3707,2.9477
-0.28256,-0.28445,-0.33482,-0.16484,0.25781,-0.10007,0.17526,-0.24192,-0.3578,-0.40927,0.022502
-0.069472,-0.42081,-0.33482,1.0683,3.7034,-0.72547,-3.2326,-2.8545,-2.9673,-1.6706,-0.42753
-0.88978,-0.67785,-0.89755,0.82667,0.31423,-0.10007,0.17526,-0.097919,-0.15138,0.53734,0.022502
-0.35045,-0.24101,-0.33482,-0.46318,-1.01,-0.10007,0.6621,0.47807,0.52948,0.16906,-1.3276
-0.17319,0.23203,0.087223,-0.44473,-0.4664,-0.10007,0.17526,0.046079,0.0053292,-0.40927,0.022502
1.0224,-0.14206,0.36859,0.12845,-0.64522,-0.72547,-3.2326,-1.3116,-1.4931,-1.4357,-0.42753
-0.57863,-0.58372,-0.68653,-1.5702,3.5061,4.2778,-3.2326,-1.1059,0.13336,-0.045737,2.7227
4.3621,1.0442,2.7602,2.1951,0.94872,-0.10007,-3.2326,-1.8259,-2.1086,-0.42734,0.69755
1.0846,5.4874,4.4484,-2.9773,6.0472,6.154,-3.2326,-3.163,-1.2745,0.4296,2.3852
-0.10342,-0.10585,-0.1238,1.3962,1.4776,-0.10007,-0.068158,-0.38591,-0.50763,0.51061,0.022502
1.7088,-0.38582,0.50927,2.4775,3.5722,-1.9763,-3.2326,-3.2659,-3.7269,-2.5467,2.9477
-1.101,0.04378,-0.47551,2.2579,-2.0905,-2.6017,-3.2326,-3.4099,-3.2923,-0.77054,-0.99008
-0.51829,-0.42685,-0.54585,1.6161,0.2569,-1.3509,-3.2326,-3.163,-3.0037,-0.98477,-1.3276
-0.61257,-0.46425,-0.61619,0.8405,-0.73282,-1.3509,0.17526,-0.67391,-0.92589,-0.13649,-1.3276
-0.1977,-0.4365,-0.40517,1.6428,-0.057411,-1.3509,-0.068158,-1.1059,-1.46,-0.10604,0.022502
1.1412,-0.31583,0.29825,6.0365,17.949,3.027,-2.2589,-2.3402,-2.5672,2.4014,2.3852
0.48872,-0.28928,0.016882,0.097022,0.80855,0.52534,0.17526,0.19008,0.20535,0.86491,2.7227
-0.1449,0.11618,0.016882,0.091305,-0.90122,-0.72547,0.41868,-0.097919,-0.19823,0.16906,-1.3276
-0.52206,-0.32669,-0.47551,-0.1508,0.37779,-0.10007,0.17526,-0.097919,-0.17478,0.23547,1.3726
-0.39382,-0.40875,-0.47551,-0.20982,-0.11014,-0.10007,-3.2326,-2.6487,-2.2606,-0.96818,0.022502
-0.58429,-0.28686,-0.47551,-0.061195,5.4683,1.1507,-3.2326,-2.7516,-2.1322,0.87606,2.7227
1.4467,4.376,3.8153,-0.41182,0.63801,0.52534,0.41868,0.76607,0.92007,0.54622,0.022502
0.44723,-0.067239,0.15756,-1.4181,-0.233,1.1507,0.6621,0.91007,1.1056,0.19763,0.022502
2.7026,-0.33755,1.0017,-0.05934,0.63801,-0.10007,0.17526,-0.38591,-0.53179,-0.40927,0.022502
2.5838,0.71593,1.7051,-0.051824,0.33258,1.1507,0.41868,0.62207,0.75343,1.1186,0.022502
-1.1538,-0.80214,-1.1086,1.0812,2.582,1.1507,-0.068158,0.046079,0.085751,1.1823,1.3726
-0.55789,0.087223,-0.19414,-1.2298,-1.2502,0.52534,0.6621,0.91007,1.0845,0.16906,-1.3276
-0.46737,-0.36168,-0.47551,0.15424,2.7929,-0.10007,-3.2326,-4.5001,-3.8879,-1.103,0.69755
0.03236,-0.58372,-0.40517,1.2557,-1.5728,-1.9763,0.17526,1.3421,0.25059,-4.1456,-1.5526
-1.3292,-0.78766,-1.1789,0.21089,-0.76832,-0.72547,-3.2326,-1.4145,-1.6311,-1.2163,-0.42753
11.602,3.7424,8.0358,2.2013,18.248,8.0302,-3.2326,-3.0602,-1.3049,3.273,2.7227
-0.80869,-0.24101,-0.54585,-0.68629,0.35785,0.52534,0.17526,0.19008,0.21667,-0.34482,0.022502
-0.7144,0.18738,-0.19414,-0.093693,-0.044122,-0.10007,-3.2326,-1.3116,-1.4843,-1.2075,-0.42753
-0.45605,0.022059,-0.19414,-1.4165,-0.49361,1.1507,0.41868,1.0541,1.2987,-0.045737,0.022502
-1.3801,-0.75508,-1.1789,0.067197,0.060399,-0.10007,-3.2326,-2.6487,-2.251,-1.1723,1.3726
-1.0953,-0.64406,-0.96789,0.40662,0.15875,-0.72547,-0.068158,-0.67391,-0.90083,-0.39846,0.022502
-0.058157,0.45166,0.29825,0.29246,-0.2479,-0.72547,-3.2326,-2.9573,-2.7069,-1.2341,-1.3276
-0.047771,0.41763,0.19359,-0.14034,-0.24153,-0.3537,-0.27959,0.53887,0.21257,-0.539,-0.030663
0.046843,-1.1072,-0.5656,0.80455,-0.055302,-1.6169,-0.27959,-1.6121,-2.6081,-1.8756,-0.030663
-1.01,-1.5813,-1.5146,-0.15673,-0.79402,-0.3537,-0.27959,0.93509,0.84606,0.25233,-1.2231
-0.031704,1.6314,0.85788,0.78877,0.11668,-0.3537,-0.27959,0.14264,-0.39559,0.34402,1.1618
-1.0957,-2.1817,-1.8942,-0.19085,-0.72066,-0.3537,-0.27959,0.93509,0.84606,-0.15058,-1.2231
-0.39588,0.48941,0.0037959,0.66276,-0.49494,-1.6169,-0.27959,0.31245,-0.82474,-1.5121,-1.4218
-0.41373,-0.36978,-0.4707,0.26201,0.3472,0.90952,-0.27959,1.0672,1.1621,1.1859,-0.030663
2.4979,0.66342,1.9967,0.27404,-0.57048,-0.98532,-0.27959,0.27472,-0.22585,-0.93764,-0.030663
0.5806,0.0043503,0.38339,0.6465,-0.32402,-1.6169,-0.27959,0.53887,-0.46522,-1.0996,-0.42814
-0.86894,-0.34367,-0.75539,3.8392,4.4208,-2.2485,2.3415,1.3313,-0.69257,-2.4303,0.13968
-0.38874,-0.047853,-0.2809,0.67573,-0.48841,-0.98532,-0.27959,0.14264,-0.43664,-0.15058,-1.2231
-0.30305,-0.68082,-0.5656,-0.62628,-0.5128,0.27791,-0.27959,-1.9517,-1.5374,-0.39024,-0.92499
-0.4048,0.3241,-0.091103,-0.62628,-0.51279,0.27791,-0.27959,-0.91396,-0.34104,0.26385,-0.92499
0.25035,0.40675,0.38339,-0.47365,0.13061,0.90952,-0.27959,-0.78189,-0.064837,1.1242,0.56555
-0.34946,-0.62427,-0.5656,1.5425,0.17911,-1.6169,4.0889,0.67094,-0.98201,-2.2887,0.56555
-0.82788,0.13486,-0.4707,-0.28028,-0.47613,-0.3537,-0.27959,0.80302,0.63793,-0.1384,-1.2231
1.3607,1.3442,1.6171,0.31251,-0.90622,-1.6169,-0.27959,-0.93283,-1.4446,-1.1704,-1.2231
0.4253,0.36978,0.47829,-0.87803,-0.90622,0.27791,-0.27959,-1.7253,-1.0859,-0.031735,-0.92499
0.093257,0.24579,0.19359,-0.96879,-0.55253,0.90952,-0.27959,-0.51774,0.40746,0.67842,-0.92499
-0.47621,-0.82221,-0.75539,-0.18218,0.4647,0.27791,-0.27959,-1.046,-0.55363,0.75444,0.56555
2.6853,-0.44591,1.5222,0.87612,-0.60711,-2.2485,-0.27959,-3.197,-4.0426,-1.916,-0.92499
0.98941,1.6205,1.5222,-0.042912,0.4647,-0.3537,-0.27959,-1.8385,-2.0459,-0.88304,0.56555
1.2001,-0.39805,0.57319,-0.54823,-0.80606,0.27791,-0.27959,0.086038,0.33523,-0.021753,-1.2231
1.2857,1.2594,1.5222,-0.64286,0.24824,0.90952,-0.27959,-1.046,-0.53981,-0.3358,2.0561
1.4482,1.0615,1.5222,-0.17651,-0.6829,-0.3537,-0.27959,-2.2913,-2.2207,-0.40075,-0.92499
-0.59046,-1.0354,-0.94519,-0.37552,-0.4844,-0.3537,-0.27959,-2.2913,-2.2207,-0.77969,-0.92499
0.07005,-0.25449,-0.091103,-0.88646,0.02322,1.5411,-0.27959,-0.38566,0.68232,1.1757,0.56555
-0.42979,-0.52639,-0.5656,1.0604,-0.3496,-1.6169,-0.27959,0.42566,-0.63218,-1.1231,-0.42814
2.4836,11.604,7.8804,8.1742,25.502,0.27791,-0.27959,0.42566,0.38378,1.6662,-0.42814
-0.75291,1.6292,0.38339,0.052989,0.27307,-0.3537,-0.27959,0.010566,-0.59516,-1.3047,1.1618
-0.97605,-1.6227,-1.5146,8.8661,7.2388,-2.8802,1.031,-1.7253,-4.86,-2.151,1.3108
0.82874,0.23057,0.66809,-0.16762,-0.28201,-0.3537,-0.27959,-0.59321,-0.8365,-0.73527,-0.030663
4.7436,-0.31105,2.9457,1.1718,0.044647,-1.6169,-0.27959,-1.6121,-2.5945,-1.0646,1.1618
2.9531,-0.4198,1.712,-0.57926,-0.3125,0.27791,-0.27959,1.0672,1.0883,-0.102,-0.030663
1.2393,-1.503,0.0037959,-0.041777,-0.67162,-0.98532,-0.27959,-0.70641,-1.044,-1.1585,-1.2231
-0.1763,-0.65907,-0.4707,0.89338,1.5549,0.27791,-0.27959,-0.25358,-1.1882,0.8083,2.5529
0.33068,0.48506,0.47829,-0.85121,0.024699,1.5411,-0.27959,-0.51774,0.43325,0.79755,2.0561
-0.49585,-0.44591,-0.5656,0.1598,-0.49418,-0.98532,-0.27959,0.53887,0.19948,-0.1384,-1.2231
-0.43693,-1.0462,-0.85029,-0.33003,-0.26108,0.27791,-0.27959,-1.046,-0.5813,0.67842,-0.92499
0.22179,1.1463,0.76299,-0.72227,-0.43144,1.5411,-0.27959,1.9917,2.6083,1.1757,-0.030663
1.6392,1.0049,1.6171,0.30337,0.40987,-0.3537,-0.27959,-2.5177,-2.6489,-0.68016,0.56555
-0.35303,-0.61992,-0.5656,0.39359,-0.1102,-0.98532,-0.27959,-1.8385,-2.077,-0.11411,0.56555
0.40209,-0.48288,0.0037959,-0.78303,-0.53013,0.27791,-0.27959,-1.8385,-1.3097,-0.011786,-0.92499
0.12717,0.55684,0.38339,0.17999,-0.49744,-0.3537,-0.27959,-0.70641,-1.0321,-1.0762,1.1618
-1.0385,-0.84178,-1.135,0.088505,-0.18044,-0.98532,-0.27959,-2.7441,-3.1222,-1.5247,-0.92499
-0.93856,-0.082656,-0.66049,-0.13102,-0.90622,-0.98532,-0.27959,-0.48,-0.65538,-0.79084,-1.2231
-0.73863,-1.2072,-1.135,-0.91452,-0.72708,0.90952,-0.27959,-0.51774,0.40746,1.0827,-0.92499
2.8478,1.8228,2.8508,6.0023,7.0421,-0.98532,0.59412,-1.7253,-3.8503,1.2438,1.8432
0.61274,-1.0919,-0.186,0.9643,-0.44983,-2.2485,-0.27959,-1.4989,-2.4261,-1.5247,-1.2231
1.5553,2.1643,2.1865,1.5855,2.894,0.27791,1.031,-0.14038,-0.99034,3.4653,1.8432
